id,title,description,status,value_amount,value_currency,main_ocid,main_id
47676,NKGUBELA TECHNOLOGIES,EME,active,10.0,ZAR,ocds-9t57fa-122728,ocds-9t57fa-122728-2021-03-12T00:00:00Z
2608,HI CALIBRE ENGINEERING,EME,active,0.0,ZAR,ocds-9t57fa-14331,ocds-9t57fa-14331-2021-12-15T00:00:00Z
1503,Mandla Sikelela Zulu,QSE,active,0.0,ZAR,ocds-9t57fa-160,ocds-9t57fa-160-2021-04-23T00:00:00Z
749,Fidelity Security Services (Pty)Ltd,GEN,active,0.0,ZAR,ocds-9t57fa-161,ocds-9t57fa-161-2021-04-23T00:00:00Z
224,ACCESS CARDS SOLUTIONS CC,EME,active,0.0,ZAR,ocds-9t57fa-2496,ocds-9t57fa-2496-2021-03-15T00:00:00Z
4044,SILVER LAKE TRADING 305,EME,active,0.0,ZAR,ocds-9t57fa-30399,ocds-9t57fa-30399-2021-04-09T00:00:00Z
4312,STATE INFORMATION TECHNOLOGY AGENCY,EME,active,0.0,ZAR,ocds-9t57fa-32231,ocds-9t57fa-32231-2021-02-01T00:00:00Z
2121,ORRA NELLO,EME,active,0.0,ZAR,ocds-9t57fa-3591,ocds-9t57fa-3591-2021-07-14T00:00:00Z
16067,LIMTECH BUSINESS CONSULTANTS,EME,active,0,ZAR,ocds-9t57fa-66026,ocds-9t57fa-66026-2021-04-01T00:00:00Z
3601,SAFRANIC,EME,active,0.0,ZAR,ocds-9t57fa-10270,ocds-9t57fa-10270-2021-11-05T00:00:00Z
2826,KARL STORZ ENDOSCOPY (SOUTH AFRICA),EME,active,0.0,ZAR,ocds-9t57fa-10368,ocds-9t57fa-10368-2021-11-05T00:00:00Z
2777,SAB AND T BUSINESS CONSULTING,QSE,active,0.0,ZAR,ocds-9t57fa-10390,ocds-9t57fa-10390-2021-10-29T00:00:00Z
1134,KAI MA SERVICES ,QSE,active,0.0,ZAR,ocds-9t57fa-10437,ocds-9t57fa-10437-2021-10-29T00:00:00Z
3490,HIDRO-TECH SYSTEMS,EME,active,0.0,ZAR,ocds-9t57fa-10840,ocds-9t57fa-10840-2021-11-05T00:00:00Z
773,CHM Vuwani Computer Solutions (Pty)Ltd,EME,active,0.0,ZAR,ocds-9t57fa-10889,ocds-9t57fa-10889-2021-11-05T00:00:00Z
32266, (HLOMBE INSTITUTE),EME,active,1.0,ZAR,ocds-9t57fa-11287,ocds-9t57fa-11287-2021-11-12T00:00:00Z
2197,MESALE PROJECTS,QSE,active,0.0,ZAR,ocds-9t57fa-11413,ocds-9t57fa-11413-2021-11-12T00:00:00Z
3947,OJM CONSULTING ENGINEERS,EME,active,0.0,ZAR,ocds-9t57fa-11651,ocds-9t57fa-11651-2021-11-12T00:00:00Z
1529,RODECON ENGINEERING,EME,active,0.0,ZAR,ocds-9t57fa-12195,ocds-9t57fa-12195-2021-11-19T00:00:00Z
10582,DMFT PROPERTY DEVELOPERS,EME,active,0.0,ZAR,ocds-9t57fa-12262,ocds-9t57fa-12262-2021-11-19T00:00:00Z
2936,TFM INDUSTRIES,GEN,active,0.0,ZAR,ocds-9t57fa-12967,ocds-9t57fa-12967-2021-11-26T00:00:00Z
3108,MBELE ELECTRICAL,EME,active,0.0,ZAR,ocds-9t57fa-12996,ocds-9t57fa-12996-2021-11-26T00:00:00Z
3012,Econogistics ,EME,active,0.0,ZAR,ocds-9t57fa-13064,ocds-9t57fa-13064-2021-11-26T00:00:00Z
2883,Calvin and Family properties and development,EME,active,0.0,ZAR,ocds-9t57fa-13507,ocds-9t57fa-13507-2021-12-03T00:00:00Z
2884,Calvin and Family properties and development,EME,active,0.0,ZAR,ocds-9t57fa-13507,ocds-9t57fa-13507-2021-12-03T00:00:00Z
692,"MAKHAOTSE, NARASIMULU AND ASSOCIATES (PTY) LTD ",QSE,active,0.0,ZAR,ocds-9t57fa-13559,ocds-9t57fa-13559-2021-12-03T00:00:00Z
59784,BIDVEST OFFICE,EME,active,24000000.0,ZAR,ocds-9t57fa-143835,ocds-9t57fa-143835-2021-03-26T00:00:00Z
14664,WANGA POWER PROJECTS,EME,active,0,ZAR,ocds-9t57fa-1552,ocds-9t57fa-1552-2021-05-27T00:00:00Z
686,CORRUSEAL CORRUGATED KZN (PTY) LTD,GEN,active,0.0,ZAR,ocds-9t57fa-163,ocds-9t57fa-163-2021-04-23T00:00:00Z
735,EMA Packing (Pty) Ltd,GEN,active,0.0,ZAR,ocds-9t57fa-164,ocds-9t57fa-164-2021-04-23T00:00:00Z
753,Soccer Scene Outfitters CC,EME,active,0.0,ZAR,ocds-9t57fa-167,ocds-9t57fa-167-2021-04-23T00:00:00Z
489,ARMS-AUDIT AND RISK  MANAGEMENT SOLUTIONS,QSE,active,0.0,ZAR,ocds-9t57fa-2051,ocds-9t57fa-2051-2021-06-04T00:00:00Z
8,Sparks & Ellis Pty Ltd ,GEN,active,0.0,ZAR,ocds-9t57fa-2204,ocds-9t57fa-2204-2021-06-10T00:00:00Z
29,Litha-Lethu Management Solutions cc,EME,active,0.0,ZAR,ocds-9t57fa-2263,ocds-9t57fa-2263-2021-06-11T00:00:00Z
13914,SHIVACON,EME,active,1650000.0,ZAR,ocds-9t57fa-2472,ocds-9t57fa-2472-2021-06-17T00:00:00Z
1691,DFR KWAKUDI (RF),EME,active,0.0,ZAR,ocds-9t57fa-2518,ocds-9t57fa-2518-2021-06-18T00:00:00Z
3606,DATATEGRA,GEN,active,0.0,ZAR,ocds-9t57fa-27247,ocds-9t57fa-27247-2021-05-07T00:00:00Z
1515,Neo Mako Trading Enterprise,EME,active,0.0,ZAR,ocds-9t57fa-2748,ocds-9t57fa-2748-2021-06-25T00:00:00Z
3640,WESTERN AND EASTERN CAPE CONSULTING ENGINEERS,EME,active,0.0,ZAR,ocds-9t57fa-27640,ocds-9t57fa-27640-2021-08-13T00:00:00Z
777,GP Towning,EME,active,0.0,ZAR,ocds-9t57fa-2807,ocds-9t57fa-2807-2021-06-25T00:00:00Z
3845,MOTLA CAPE,EME,active,0.0,ZAR,ocds-9t57fa-28552,ocds-9t57fa-28552-2021-10-22T00:00:00Z
3855,JONTY ENGINEERING AND TRADING SA,EME,active,0.0,ZAR,ocds-9t57fa-28580,ocds-9t57fa-28580-2021-09-10T00:00:00Z
59517,PRO-ACTIVE HEALTH SOLUTIONS,EME,active,208670460.0,ZAR,ocds-9t57fa-31474,ocds-9t57fa-31474-2021-07-30T00:00:00Z
348,Nevhutalu Consulting Engineers ,EME,active,0.0,ZAR,ocds-9t57fa-3652,ocds-9t57fa-3652-2021-07-23T00:00:00Z
712,MORAR INCORPORATED CHARTERED ACCOUNTANTS (SA),GEN,active,0.0,ZAR,ocds-9t57fa-3734,ocds-9t57fa-3734-2021-07-23T00:00:00Z
691,Dynamic SA (Pty) Ltd,EME,active,0.0,ZAR,ocds-9t57fa-3736,ocds-9t57fa-3736-2021-07-23T00:00:00Z
22943,SIYAZI THULA TRANSPORTATION PLANNING,EME,active,575000.0,ZAR,ocds-9t57fa-375,ocds-9t57fa-375-2021-04-30T00:00:00Z
268,BDO Advisory Services (Pty) Ltd,GEN,active,0.0,ZAR,ocds-9t57fa-3761,ocds-9t57fa-3761-2021-07-23T00:00:00Z
1100,MM Industries (Pty) Ltd,EME,active,0.0,ZAR,ocds-9t57fa-3905,ocds-9t57fa-3905-2021-07-30T00:00:00Z
1191,MM Industries,EME,active,0.0,ZAR,ocds-9t57fa-3929,ocds-9t57fa-3929-2021-07-30T00:00:00Z
497,Mars Technologies (Pty) Ltd,QSE,active,0.0,ZAR,ocds-9t57fa-4015,ocds-9t57fa-4015-2021-07-30T00:00:00Z
2153,KPMG SERVICES,GEN,active,0.0,ZAR,ocds-9t57fa-4050,ocds-9t57fa-4050-2021-07-30T00:00:00Z
665,Maboka Cleantech Solutions JV,EME,active,0.0,ZAR,ocds-9t57fa-4088,ocds-9t57fa-4088-2021-07-30T00:00:00Z
7336,ROADMAC SURFACING CAPE,GEN,active,0.0,ZAR,ocds-9t57fa-4702,ocds-9t57fa-4702-2021-08-13T00:00:00Z
995,Mico Construction (Pty) Ltd ,GEN,active,0.0,ZAR,ocds-9t57fa-4766,ocds-9t57fa-4766-2021-08-13T00:00:00Z
1443,GX CONNECT,EME,active,0.0,ZAR,ocds-9t57fa-4773,ocds-9t57fa-4773-2021-08-13T00:00:00Z
1027,Chemetrix Export (Pty) Ltd,GEN,active,0.0,ZAR,ocds-9t57fa-4796,ocds-9t57fa-4796-2021-08-13T00:00:00Z
10691,THAP3LOM GENERAL TRADING,EME,active,0.0,ZAR,ocds-9t57fa-5245,ocds-9t57fa-5245-2021-08-20T00:00:00Z
641,DENJAVU SERVICES,EME,active,0.0,ZAR,ocds-9t57fa-5688,ocds-9t57fa-5688-2021-08-27T00:00:00Z
1653,SKI Civil and Structural Engineers,EME,active,0.0,ZAR,ocds-9t57fa-6116,ocds-9t57fa-6116-2021-09-03T00:00:00Z
2299,AVX CONSULTING ENGINEERS,EME,active,0.0,ZAR,ocds-9t57fa-6247,ocds-9t57fa-6247-2021-09-03T00:00:00Z
2764,KREATURE ADVENTURES,EME,active,0.0,ZAR,ocds-9t57fa-6361,ocds-9t57fa-6361-2021-09-10T00:00:00Z
17185,Blueprint Group,EME,active,576000.0,ZAR,ocds-9t57fa-6617,ocds-9t57fa-6617-2021-09-10T00:00:00Z
3173,Mvubu And Co,EME,active,0.0,ZAR,ocds-9t57fa-6638,ocds-9t57fa-6638-2021-09-10T00:00:00Z
2332,VGI CONSULTING,GEN,active,0.0,ZAR,ocds-9t57fa-6641,ocds-9t57fa-6641-2021-09-10T00:00:00Z
1266,Athimthende Development Services,QSE,active,0.0,ZAR,ocds-9t57fa-7166,ocds-9t57fa-7166-2021-09-17T00:00:00Z
45076, (Lebone DSV Altron Consortium),EME,active,10.0,ZAR,ocds-9t57fa-7279,ocds-9t57fa-7279-2021-09-17T00:00:00Z
913,ALEXANDER FORBES,EME,active,0.0,ZAR,ocds-9t57fa-7300,ocds-9t57fa-7300-2021-09-17T00:00:00Z
965,BEYOND THE SKY HOLDING,EME,active,0.0,ZAR,ocds-9t57fa-7691,ocds-9t57fa-7691-2021-09-23T00:00:00Z
974,CNJ ARENDSE CONSTRUCTION (PTY) LTD,EME,active,0.0,ZAR,ocds-9t57fa-7746,ocds-9t57fa-7746-2021-09-23T00:00:00Z
8852,Tuboseal Services,EME,active,0.0,ZAR,ocds-9t57fa-8044,ocds-9t57fa-8044-2021-10-01T00:00:00Z
2210,PMAX CONSULTING ENGINEERS,EME,active,0.0,ZAR,ocds-9t57fa-8154,ocds-9t57fa-8154-2021-10-01T00:00:00Z
4068,CAPE ARMATURE WINDERS,EME,active,0.0,ZAR,ocds-9t57fa-8160,ocds-9t57fa-8160-2021-10-01T00:00:00Z
1932,YRK Civil Projects,EME,active,0.0,ZAR,ocds-9t57fa-8178,ocds-9t57fa-8178-2021-10-01T00:00:00Z
22951,METGOVIS,GEN,active,2197906.0,ZAR,ocds-9t57fa-8231,ocds-9t57fa-8231-2021-10-01T00:00:00Z
976,TRACKOS PROJECTS (PTY) LTD,EME,active,0.0,ZAR,ocds-9t57fa-8248,ocds-9t57fa-8248-2021-10-01T00:00:00Z
1139,M BOND ENGINEERING,EME,active,0.0,ZAR,ocds-9t57fa-8258,ocds-9t57fa-8258-2021-10-01T00:00:00Z
1725,DIPETLE GENERAL CONSTRUCTION,EME,active,0.0,ZAR,ocds-9t57fa-8579,ocds-9t57fa-8579-2021-10-08T00:00:00Z
1732,JULUKA CONSTRUCTION AND PROJECTS,EME,active,0.0,ZAR,ocds-9t57fa-8589,ocds-9t57fa-8589-2021-10-08T00:00:00Z
1789,REDIKO ENTERPRISES,EME,active,0.0,ZAR,ocds-9t57fa-8597,ocds-9t57fa-8597-2021-10-08T00:00:00Z
1745,MAHLAKU A MOSEBO CONTRACTORS,EME,active,0.0,ZAR,ocds-9t57fa-8601,ocds-9t57fa-8601-2021-10-08T00:00:00Z
1752,SA PROFESSIONAL GROUP OF COMPANIES,EME,active,0.0,ZAR,ocds-9t57fa-8610,ocds-9t57fa-8610-2021-10-08T00:00:00Z
1561,GROWTHPOINT MANAGEMENT SERVICES,EME,active,0.0,ZAR,ocds-9t57fa-8692,ocds-9t57fa-8692-2021-10-08T00:00:00Z
2958,THE SWARTKOPS TERMINAL,EME,active,0.0,ZAR,ocds-9t57fa-8729,ocds-9t57fa-8729-2021-10-08T00:00:00Z
3878,THANDUBANTU CARPENTRY AND MAINTENANCE,EME,active,0.0,ZAR,ocds-9t57fa-8737,ocds-9t57fa-8737-2021-10-08T00:00:00Z
2104,BAMBANA MANAGEMENT SERVICES,GEN,active,0.0,ZAR,ocds-9t57fa-8758,ocds-9t57fa-8758-2021-10-08T00:00:00Z
1450,Elohim Erets Retailers,QSE,active,0.0,ZAR,ocds-9t57fa-8794,ocds-9t57fa-8794-2021-10-08T00:00:00Z
1629,MANONG CONSTRUCTION AND PROJECTS,EME,active,0.0,ZAR,ocds-9t57fa-9096,ocds-9t57fa-9096-2021-10-15T00:00:00Z
31,Zwiito Cleaning Services,EME,active,0.0,ZAR,ocds-9t57fa-930,ocds-9t57fa-930-2021-05-14T00:00:00Z
14049,ERNST AND YOUNG ADVISORY SERVICES,EME,active,0,ZAR,ocds-9t57fa-9311,ocds-9t57fa-9311-2021-10-15T00:00:00Z
2261,MOTEKI PROJECTS AND CONSULTANT,EME,active,0.0,ZAR,ocds-9t57fa-9396,ocds-9t57fa-9396-2021-10-15T00:00:00Z
4730,HIDRO-TECH SYSTEMS,EME,active,0.0,ZAR,ocds-9t57fa-9415,ocds-9t57fa-9415-2021-10-15T00:00:00Z
385,Nu-Law Firearms Compliance Pty Ltd,QSE,active,0.0,ZAR,ocds-9t57fa-9895,ocds-9t57fa-9895-2021-10-22T00:00:00Z
4188,MINE REHABILITATION AND GREEN ECONOMY HOLDINGS,EME,active,0.0,ZAR,ocds-9t57fa-9952,ocds-9t57fa-9952-2021-10-22T00:00:00Z
2137,ELEX UMBANE,EME,active,0.0,ZAR,ocds-9t57fa-10797,ocds-9t57fa-10797-2021-11-05T00:00:00Z
8082,DELTA FACILITIES MANAGEMENT,EME,active,0.0,ZAR,ocds-9t57fa-11460,ocds-9t57fa-11460-2021-11-12T00:00:00Z
1531,AQA INTERNATIONAL,EME,active,0.0,ZAR,ocds-9t57fa-12183,ocds-9t57fa-12183-2021-11-19T00:00:00Z
1542,115 ELECTRICAL SOLUTIONS,QSE,active,0.0,ZAR,ocds-9t57fa-12212,ocds-9t57fa-12212-2021-11-19T00:00:00Z
35031, (MVULA ENTERPRISE GROUP),EME,active,14756000.0,ZAR,ocds-9t57fa-12966,ocds-9t57fa-12966-2021-11-26T00:00:00Z
27383, (MASTOMAX),EME,active,5546542.0,ZAR,ocds-9t57fa-13462,ocds-9t57fa-13462-2021-12-03T00:00:00Z
2450,ADENCO CONSTRUCTION,GEN,active,0.0,ZAR,ocds-9t57fa-13568,ocds-9t57fa-13568-2021-12-04T00:00:00Z
1546,INSURVEY,EME,active,0.0,ZAR,ocds-9t57fa-13585,ocds-9t57fa-13585-2021-12-03T00:00:00Z
1692,HARCRAW GROUP,EME,active,0.0,ZAR,ocds-9t57fa-1631,ocds-9t57fa-1631-2021-05-28T00:00:00Z
479,Diale Mogashoa Inc. ,EME,active,0.0,ZAR,ocds-9t57fa-1888,ocds-9t57fa-1888-2021-06-03T00:00:00Z
181,THE FLYING CHEETAH DOG (PTY) LTD,QSE,active,0.0,ZAR,ocds-9t57fa-1972,ocds-9t57fa-1972-2021-06-04T00:00:00Z
1489,ADENCO CONSTRUCTION,GEN,active,0.0,ZAR,ocds-9t57fa-2655,ocds-9t57fa-2655-2021-06-25T00:00:00Z
1764,ANZET TRADING,EME,active,0.0,ZAR,ocds-9t57fa-2762,ocds-9t57fa-2762-2021-06-25T00:00:00Z
3634,SHORT'S NISSAN,GEN,active,0.0,ZAR,ocds-9t57fa-27619,ocds-9t57fa-27619-2021-07-23T00:00:00Z
400,Nine IT Systems ,EME,active,0.0,ZAR,ocds-9t57fa-2816,ocds-9t57fa-2816-2021-06-25T00:00:00Z
1179,FUNDAMENTAL DESIGNS ,EME,active,0.0,ZAR,ocds-9t57fa-3019,ocds-9t57fa-3019-2021-06-25T00:00:00Z
4230,GIJIMA HOLDINGS,GEN,active,0.0,ZAR,ocds-9t57fa-31510,ocds-9t57fa-31510-2021-04-30T00:00:00Z
3086,LIYATECH,EME,active,0.0,ZAR,ocds-9t57fa-336,ocds-9t57fa-336-2021-04-30T00:00:00Z
540,KERRI- JANE BJERGFELT,EME,active,0.0,ZAR,ocds-9t57fa-3593,ocds-9t57fa-3593-2021-07-09T00:00:00Z
232,Performanta South Africa,GEN,active,0.0,ZAR,ocds-9t57fa-4019,ocds-9t57fa-4019-2021-07-30T00:00:00Z
726,NIZCON PTY LTD,EME,active,0.0,ZAR,ocds-9t57fa-4057,ocds-9t57fa-4057-2021-07-30T00:00:00Z
1974,ZENHLANHLA HOLDINGS ,EME,active,0.0,ZAR,ocds-9t57fa-4742,ocds-9t57fa-4742-2021-08-13T00:00:00Z
31703, (NICHOLAS BHENGU FOUNDATION),EME,active,2900000.0,ZAR,ocds-9t57fa-5320,ocds-9t57fa-5320-2021-08-20T00:00:00Z
674,The Facilities Company,EME,active,0.0,ZAR,ocds-9t57fa-5690,ocds-9t57fa-5690-2021-08-27T00:00:00Z
3481,BENVER CIVILS AND PLANT HIRE,EME,active,0.0,ZAR,ocds-9t57fa-6205,ocds-9t57fa-6205-2021-09-03T00:00:00Z
67,Vimtsire  Security &  Protection ,EME,active,0.0,ZAR,ocds-9t57fa-636,ocds-9t57fa-636-2021-05-07T00:00:00Z
740,Tender Cancelled,EME,active,0.0,ZAR,ocds-9t57fa-6658,ocds-9t57fa-6658-2021-09-10T00:00:00Z
2960,VISSERSHOK WASTE MANAGEMENT FACILITY,EME,active,0.0,ZAR,ocds-9t57fa-6679,ocds-9t57fa-6679-2021-09-11T00:00:00Z
2479,ALERT DEVELOPMENTS,EME,active,0.0,ZAR,ocds-9t57fa-6680,ocds-9t57fa-6680-2021-09-11T00:00:00Z
4034,NOLADA 8,EME,active,0.0,ZAR,ocds-9t57fa-7200,ocds-9t57fa-7200-2021-09-17T00:00:00Z
780,POWER FULL CLEANING AND PROJECTS,EME,active,0.0,ZAR,ocds-9t57fa-7329,ocds-9t57fa-7329-2021-09-18T00:00:00Z
5405,The Vuvuzela Hotline,EME,active,0.0,ZAR,ocds-9t57fa-7685,ocds-9t57fa-7685-2021-09-23T00:00:00Z
1686,Geospace International ,EME,active,0.0,ZAR,ocds-9t57fa-7757,ocds-9t57fa-7757-2021-09-23T00:00:00Z
1277,Milton Resourcing ,EME,active,0.0,ZAR,ocds-9t57fa-8138,ocds-9t57fa-8138-2021-10-01T00:00:00Z
1707,Carifro Consulting Engineers,EME,active,0.0,ZAR,ocds-9t57fa-8208,ocds-9t57fa-8208-2021-10-01T00:00:00Z
1576,SYNERGETIC CONSULTING,EME,active,0.0,ZAR,ocds-9t57fa-8686,ocds-9t57fa-8686-2021-10-08T00:00:00Z
1429,Stellemploy NPC,EME,active,0.0,ZAR,ocds-9t57fa-8730,ocds-9t57fa-8730-2021-10-09T00:00:00Z
1673,Careworks,GEN,active,0.0,ZAR,ocds-9t57fa-8835,ocds-9t57fa-8835-2021-10-08T00:00:00Z
101,Cele Brothers Holdings,EME,active,0.0,ZAR,ocds-9t57fa-927,ocds-9t57fa-927-2021-05-14T00:00:00Z
8334,2 T INNOVATION BUSINESS CONSULTING AND PROTECTS,EME,active,0.0,ZAR,ocds-9t57fa-9405,ocds-9t57fa-9405-2021-10-15T00:00:00Z
100,ICAS SOUTHERN AFRICA (PTY) LTD,GEN,active,0.0,ZAR,ocds-9t57fa-954,ocds-9t57fa-954-2021-05-14T00:00:00Z
3682,DIGES GROUP,QSE,active,0.0,ZAR,ocds-9t57fa-9859,ocds-9t57fa-9859-2021-10-22T00:00:00Z
4189,ESBAR HOLDING,EME,active,0.0,ZAR,ocds-9t57fa-9956,ocds-9t57fa-9956-2021-10-23T00:00:00Z
1969,VOLT CONSULTING ENGINEERS,EME,active,0.0,ZAR,ocds-9t57fa-9959,ocds-9t57fa-9959-2021-10-23T00:00:00Z
59776,VODACOM,EME,active,78100000.0,ZAR,ocds-9t57fa-143834,ocds-9t57fa-143834-2021-04-01T00:00:00Z
2719,AZANIA INFRACON,EME,active,0.0,ZAR,ocds-9t57fa-9199,ocds-9t57fa-9199-2021-10-15T00:00:00Z
547,Gemini Moon Trading 7 (Pty) Ltd t/a Nexus Travel,GEN,active,0.0,ZAR,ocds-9t57fa-2470,ocds-9t57fa-2470-2021-06-17T00:00:00Z
419,Shereno Printers cc,GEN,active,0.0,ZAR,ocds-9t57fa-3704,ocds-9t57fa-3704-2021-07-22T00:00:00Z
3306,Chosen Engineering,EME,active,0.0,ZAR,ocds-9t57fa-3989,ocds-9t57fa-3989-2021-07-29T00:00:00Z
2106,Club Corporate Travel,QSE,active,0.0,ZAR,ocds-9t57fa-7641,ocds-9t57fa-7641-2021-09-23T00:00:00Z
3019,Guerrini Marine Construction ,EME,active,0.0,ZAR,ocds-9t57fa-10067,ocds-9t57fa-10067-2021-10-29T00:00:00Z
37873, (LEKTRATEK WATERTEGNOLOGIE),EME,active,1112792972.0,ZAR,ocds-9t57fa-10326,ocds-9t57fa-10326-2021-10-29T00:00:00Z
3448,VTS CONNECT,EME,active,0.0,ZAR,ocds-9t57fa-10399,ocds-9t57fa-10399-2021-10-29T00:00:00Z
5768,A T C ,GEN,active,0.0,ZAR,ocds-9t57fa-10409,ocds-9t57fa-10409-2021-10-29T00:00:00Z
5858,RAPHAHLELO AND ASSOCIATES,QSE,active,0.0,ZAR,ocds-9t57fa-10409,ocds-9t57fa-10409-2021-10-29T00:00:00Z
1194,HOUSE OF THE BRAVE,EME,active,0.0,ZAR,ocds-9t57fa-10447,ocds-9t57fa-10447-2021-10-29T00:00:00Z
33587, (NGHULUMELO PROPERTIES),EME,active,0,ZAR,ocds-9t57fa-10674,ocds-9t57fa-10674-2021-11-05T00:00:00Z
33590, (LINDO LETHU TRADING),EME,active,0,ZAR,ocds-9t57fa-10674,ocds-9t57fa-10674-2021-11-05T00:00:00Z
3459,VIKING PONY AFRICA PUMPS,EME,active,0.0,ZAR,ocds-9t57fa-10843,ocds-9t57fa-10843-2021-11-05T00:00:00Z
5552,Learning 4 life,EME,active,0.0,ZAR,ocds-9t57fa-10873,ocds-9t57fa-10873-2021-11-05T00:00:00Z
1200,GladAfrica Consulting Engineers ,EME,active,0.0,ZAR,ocds-9t57fa-11475,ocds-9t57fa-11475-2021-11-12T00:00:00Z
29611, (COLDPOINT AIRCON SERVICES),EME,active,309492945.0,ZAR,ocds-9t57fa-11504,ocds-9t57fa-11504-2021-11-12T00:00:00Z
2171,BIDVEST OFFICE,GEN,active,0.0,ZAR,ocds-9t57fa-11611,ocds-9t57fa-11611-2021-11-12T00:00:00Z
3619,Ramashu Supply and Services ,EME,active,0.0,ZAR,ocds-9t57fa-11661,ocds-9t57fa-11661-2021-11-12T00:00:00Z
7920,WASTE-MART,EME,active,0.0,ZAR,ocds-9t57fa-12164,ocds-9t57fa-12164-2021-11-19T00:00:00Z
7922,WASTE CONTROL,EME,active,0.0,ZAR,ocds-9t57fa-12164,ocds-9t57fa-12164-2021-11-19T00:00:00Z
15511,KATLEHO AND ATISANG TASO CONSTRUCTION,EME,active,300000.0,ZAR,ocds-9t57fa-12189,ocds-9t57fa-12189-2021-11-19T00:00:00Z
2661,COURTESY MANAGEMENT,GEN,active,0.0,ZAR,ocds-9t57fa-12289,ocds-9t57fa-12289-2021-11-19T00:00:00Z
1254,NASE CONSTRUCTION,EME,active,0.0,ZAR,ocds-9t57fa-12689,ocds-9t57fa-12689-2021-11-26T00:00:00Z
2610,Melees Electrical Lines,EME,active,0.0,ZAR,ocds-9t57fa-12993,ocds-9t57fa-12993-2021-11-26T00:00:00Z
6468,UHAMBO PROCUREMENT AND DISTRIBUTION,QSE,active,0.0,ZAR,ocds-9t57fa-13019,ocds-9t57fa-13019-2021-11-26T00:00:00Z
6450,UHAMBO PROCUREMENT AND DISTRIBUTION ,QSE,active,0.0,ZAR,ocds-9t57fa-13019,ocds-9t57fa-13019-2021-11-26T00:00:00Z
5062,S M Vakalisa,EME,active,0.0,ZAR,ocds-9t57fa-14016,ocds-9t57fa-14016-2021-12-10T00:00:00Z
3447,Thenga Holdings ,GEN,active,0.0,ZAR,ocds-9t57fa-14353,ocds-9t57fa-14353-2021-12-17T00:00:00Z
67847,TVP TOTAL VEHICLE PROTECTION,EME,active,27000000.0,ZAR,ocds-9t57fa-154438,ocds-9t57fa-154438-2021-02-01T00:00:00Z
310,Fidelity Cash Solutions,GEN,active,0.0,ZAR,ocds-9t57fa-2287,ocds-9t57fa-2287-2021-06-11T00:00:00Z
2858,PRICEWATERHOUSECOOPERS,EME,active,0.0,ZAR,ocds-9t57fa-253,ocds-9t57fa-253-2021-04-29T00:00:00Z
1511,Diges Group ,EME,active,0.0,ZAR,ocds-9t57fa-2739,ocds-9t57fa-2739-2021-06-25T00:00:00Z
3005,ZUTARI,GEN,active,0.0,ZAR,ocds-9t57fa-2800,ocds-9t57fa-2800-2021-06-25T00:00:00Z
1992,Tincol Group,EME,active,0.0,ZAR,ocds-9t57fa-3058,ocds-9t57fa-3058-2021-07-02T00:00:00Z
1993,Tincol Group,EME,active,0.0,ZAR,ocds-9t57fa-3058,ocds-9t57fa-3058-2021-07-02T00:00:00Z
1094,Ncaiana Trading and Projects,EME,active,0.0,ZAR,ocds-9t57fa-3765,ocds-9t57fa-3765-2021-07-23T00:00:00Z
263,Lelethunathi Solutions,EME,active,0.0,ZAR,ocds-9t57fa-3912,ocds-9t57fa-3912-2021-07-29T00:00:00Z
637,Civtech Engineers (Pty) Ltd,EME,active,0.0,ZAR,ocds-9t57fa-4444,ocds-9t57fa-4444-2021-08-06T00:00:00Z
1101,ITK JV,EME,active,0.0,ZAR,ocds-9t57fa-4451,ocds-9t57fa-4451-2021-08-06T00:00:00Z
11205,HOC 2 GENERAL,EME,active,300000.0,ZAR,ocds-9t57fa-4794,ocds-9t57fa-4794-2021-08-13T00:00:00Z
4341,Victorious Chartered Accountants,EME,active,0.0,ZAR,ocds-9t57fa-5357,ocds-9t57fa-5357-2021-08-27T00:00:00Z
2749,Morar,EME,active,0.0,ZAR,ocds-9t57fa-5609,ocds-9t57fa-5609-2021-08-27T00:00:00Z
15216,Conveysys,EME,active,13791931.0,ZAR,ocds-9t57fa-5705,ocds-9t57fa-5705-2021-08-27T00:00:00Z
657,Limpopo Supplement Traders,QSE,active,0.0,ZAR,ocds-9t57fa-5724,ocds-9t57fa-5724-2021-08-27T00:00:00Z
1826,Sinqobile Equestrian Security Services,QSE,active,0.0,ZAR,ocds-9t57fa-5771,ocds-9t57fa-5771-2021-08-27T00:00:00Z
851,Zapparrata Gering cc,EME,active,0.0,ZAR,ocds-9t57fa-6220,ocds-9t57fa-6220-2021-09-03T00:00:00Z
531,Modise Protection Services,QSE,active,0.0,ZAR,ocds-9t57fa-6237,ocds-9t57fa-6237-2021-09-03T00:00:00Z
307,Gra-Tech2,QSE,active,0.0,ZAR,ocds-9t57fa-6629,ocds-9t57fa-6629-2021-09-10T00:00:00Z
3070,TSAOANE TRADING,EME,active,0.0,ZAR,ocds-9t57fa-6898,ocds-9t57fa-6898-2021-09-17T00:00:00Z
1338,GRIDLEC POWER PROJECTS,QSE,active,0.0,ZAR,ocds-9t57fa-7204,ocds-9t57fa-7204-2021-09-17T00:00:00Z
1486,IX Engineers ,GEN,active,0.0,ZAR,ocds-9t57fa-7256,ocds-9t57fa-7256-2021-09-17T00:00:00Z
1047,Price Waterhouse Coopers,GEN,active,0.0,ZAR,ocds-9t57fa-7643,ocds-9t57fa-7643-2021-09-23T00:00:00Z
9010,Landa Electrical Projects ,EME,active,0.0,ZAR,ocds-9t57fa-7712,ocds-9t57fa-7712-2021-09-23T00:00:00Z
1521,Managed Integrity Evaluation,QSE,active,0.0,ZAR,ocds-9t57fa-8124,ocds-9t57fa-8124-2021-10-01T00:00:00Z
1988,EOH MTHOMBO,EME,active,0.0,ZAR,ocds-9t57fa-8264,ocds-9t57fa-8264-2021-10-01T00:00:00Z
4038,WERKOMED,EME,active,0.0,ZAR,ocds-9t57fa-8413,ocds-9t57fa-8413-2021-10-08T00:00:00Z
4039,LIORA MEDICAL SUPPLIES,EME,active,0.0,ZAR,ocds-9t57fa-8413,ocds-9t57fa-8413-2021-10-08T00:00:00Z
1728,MPHULUDI ENO SHAKERS ,EME,active,0.0,ZAR,ocds-9t57fa-8583,ocds-9t57fa-8583-2021-10-08T00:00:00Z
1751,SIFISO ESIHLE TRADING,EME,active,0.0,ZAR,ocds-9t57fa-8609,ocds-9t57fa-8609-2021-10-08T00:00:00Z
1670,Therapy on the go ,QSE,active,0.0,ZAR,ocds-9t57fa-8827,ocds-9t57fa-8827-2021-10-08T00:00:00Z
9947,RASSOL CLEAN ,EME,active,0.0,ZAR,ocds-9t57fa-9388,ocds-9t57fa-9388-2021-10-15T00:00:00Z
2100,Blue Dot Properties 1938,EME,active,0.0,ZAR,ocds-9t57fa-949,ocds-9t57fa-949-2021-05-14T00:00:00Z
2840,CCI SA (UMHLANGA),EME,active,0.0,ZAR,ocds-9t57fa-9842,ocds-9t57fa-9842-2021-10-22T00:00:00Z
46112, NKGUBELA TECHNOLOGIES,EME,active,10.0,ZAR,ocds-9t57fa-119723,ocds-9t57fa-119723-2021-03-12T00:00:00Z
2696,Addpay,QSE,active,0.0,ZAR,ocds-9t57fa-14273,ocds-9t57fa-14273-2021-12-15T00:00:00Z
1502,Itec Tiyende ,GEN,active,0.0,ZAR,ocds-9t57fa-153,ocds-9t57fa-153-2021-04-23T00:00:00Z
733,Modise Protection Security,EME,active,0.0,ZAR,ocds-9t57fa-162,ocds-9t57fa-162-2021-04-23T00:00:00Z
3151,DATAPROOF COMMUNICATIONS,EME,active,0.0,ZAR,ocds-9t57fa-24693,ocds-9t57fa-24693-2021-04-01T00:00:00Z
3696,Madiali Security and Projects,EME,active,0.0,ZAR,ocds-9t57fa-28218,ocds-9t57fa-28218-2021-04-08T00:00:00Z
13467,RED ANT SECURITY RELOCATION AND EVICTION SERVICES,EME,active,0,ZAR,ocds-9t57fa-3213,ocds-9t57fa-3213-2021-02-02T00:00:00Z
2113,THE NAKED SCIENTISTS,EME,active,0.0,ZAR,ocds-9t57fa-3587,ocds-9t57fa-3587-2021-07-14T00:00:00Z
10096,ICAS EMPLOYEE AND ORGANISATION ENHANCEMENT SERVICES SOUTHERN AFRICA,EME,active,0.0,ZAR,ocds-9t57fa-51085,ocds-9t57fa-51085-2021-02-10T00:00:00Z
25,SABET CHARTED ACCOUNTANTS INCORPORATED T/A NEXIA SAB & T,GEN,active,0.0,ZAR,ocds-9t57fa-567,ocds-9t57fa-567-2021-05-05T00:00:00Z
3843,AMOGELANG CREATIVES,EME,active,0.0,ZAR,ocds-9t57fa-10351,ocds-9t57fa-10351-2021-10-29T00:00:00Z
2682,MAGEDLA CONSTRUCTION SERVICES,QSE,active,0.0,ZAR,ocds-9t57fa-10400,ocds-9t57fa-10400-2021-10-29T00:00:00Z
981,NORTHERN MOTOR SERVICES,EME,active,0.0,ZAR,ocds-9t57fa-10441,ocds-9t57fa-10441-2021-10-29T00:00:00Z
3489,BENVER CIVILS AND PLANT HIRE,EME,active,0.0,ZAR,ocds-9t57fa-10842,ocds-9t57fa-10842-2021-11-05T00:00:00Z
2265,SAFRANIC,GEN,active,0.0,ZAR,ocds-9t57fa-10888,ocds-9t57fa-10888-2021-11-05T00:00:00Z
1551,Nashua Cape Town,GEN,active,0.0,ZAR,ocds-9t57fa-11663,ocds-9t57fa-11663-2021-11-12T00:00:00Z
2461,Outcome Based Association of South Africa,EME,active,0.0,ZAR,ocds-9t57fa-12181,ocds-9t57fa-12181-2021-11-19T00:00:00Z
1405,BLESSED ,EME,active,0.0,ZAR,ocds-9t57fa-12206,ocds-9t57fa-12206-2021-11-19T00:00:00Z
14030,CHEMTOLL,EME,active,0,ZAR,ocds-9t57fa-12256,ocds-9t57fa-12256-2021-11-19T00:00:00Z
2923,ALTRON NEXUS,EME,active,0.0,ZAR,ocds-9t57fa-12326,ocds-9t57fa-12326-2021-11-19T00:00:00Z
4651,LAWULA SYSTEMS,EME,active,0.0,ZAR,ocds-9t57fa-12344,ocds-9t57fa-12344-2021-11-19T00:00:00Z
3102,JUST-BREEZE GENERAL TRADING,EME,active,0.0,ZAR,ocds-9t57fa-12955,ocds-9t57fa-12955-2021-11-26T00:00:00Z
2805,MENZIES AVIATION (SOUTH AFRICA),GEN,active,0.0,ZAR,ocds-9t57fa-13063,ocds-9t57fa-13063-2021-11-26T00:00:00Z
1247,Striving Mind Trading 688,EME,active,0.0,ZAR,ocds-9t57fa-13489,ocds-9t57fa-13489-2021-12-03T00:00:00Z
1750,KBK ENGINEERS,GEN,active,0.0,ZAR,ocds-9t57fa-13530,ocds-9t57fa-13530-2021-12-03T00:00:00Z
1814,Intense Protection and Tourist Services ,QSE,active,0.0,ZAR,ocds-9t57fa-13977,ocds-9t57fa-13977-2021-12-10T00:00:00Z
382,Emergence Growth South Africa Pty Ltd,QSE,active,0.0,ZAR,ocds-9t57fa-1596,ocds-9t57fa-1596-2021-05-27T00:00:00Z
320,MADUDLA CONTRACTORS,EME,active,0.0,ZAR,ocds-9t57fa-1615,ocds-9t57fa-1615-2021-05-27T00:00:00Z
4864,direction developers,EME,active,0.0,ZAR,ocds-9t57fa-1666,ocds-9t57fa-1666-2021-05-28T00:00:00Z
229,Lungiswa Energy (Pty) Ltd,EME,active,0.0,ZAR,ocds-9t57fa-2533,ocds-9t57fa-2533-2021-06-25T00:00:00Z
6206,SUD AFRIQUE FORENSICS,EME,active,0.0,ZAR,ocds-9t57fa-274,ocds-9t57fa-274-2021-04-29T00:00:00Z
1763,TYUME BLOCKS AND RETAIL,EME,active,0.0,ZAR,ocds-9t57fa-2761,ocds-9t57fa-2761-2021-06-25T00:00:00Z
3853,UDS AFRICA PROFESSIONAL SERVICES PROVIDER AND PROJECT MANAGERS,GEN,active,0.0,ZAR,ocds-9t57fa-28403,ocds-9t57fa-28403-2021-10-01T00:00:00Z
3850,AH ENTERPRISES,GEN,active,0.0,ZAR,ocds-9t57fa-28575,ocds-9t57fa-28575-2021-10-22T00:00:00Z
377,Mazemane Trading&Projects,EME,active,0.0,ZAR,ocds-9t57fa-3621,ocds-9t57fa-3621-2021-07-16T00:00:00Z
700,S24 Business Group,EME,active,0.0,ZAR,ocds-9t57fa-3685,ocds-9t57fa-3685-2021-07-22T00:00:00Z
434,The Red flank Solution,EME,active,0.0,ZAR,ocds-9t57fa-3731,ocds-9t57fa-3731-2021-07-23T00:00:00Z
495,JVZ CONSTRUCTION,EME,active,0.0,ZAR,ocds-9t57fa-3742,ocds-9t57fa-3742-2021-07-23T00:00:00Z
314,1. XL Astra Travel (Pty)(Ltd),EME,active,0.0,ZAR,ocds-9t57fa-3763,ocds-9t57fa-3763-2021-07-23T00:00:00Z
3832,TSHANI CONSULTING,EME,active,0.0,ZAR,ocds-9t57fa-4013,ocds-9t57fa-4013-2021-07-30T00:00:00Z
701,Kgotlhetsa Consulting Services ,EME,active,0.0,ZAR,ocds-9t57fa-4048,ocds-9t57fa-4048-2021-07-30T00:00:00Z
689,BUSINESS REPORTING ADVISORY GROUP- BR-AG),EME,active,0.0,ZAR,ocds-9t57fa-4043,ocds-9t57fa-4043-2021-07-30T00:00:00Z
923,TEMMOS SHADE PORTS AND CLEANING SERVICES (PTY) LTD,QSE,active,0.0,ZAR,ocds-9t57fa-4063,ocds-9t57fa-4063-2021-07-30T00:00:00Z
477,Kgatisi Trading CC,EME,active,0.0,ZAR,ocds-9t57fa-4087,ocds-9t57fa-4087-2021-07-30T00:00:00Z
6563,Deloitte & Touche,EME,active,0.0,ZAR,ocds-9t57fa-4767,ocds-9t57fa-4767-2021-08-13T00:00:00Z
1029,United Scientific (Pty) Ltd,GEN,active,0.0,ZAR,ocds-9t57fa-4798,ocds-9t57fa-4798-2021-08-13T00:00:00Z
1123,Deliblox,EME,active,0.0,ZAR,ocds-9t57fa-4805,ocds-9t57fa-4805-2021-08-13T00:00:00Z
11929,SHONISANI RAMBAU CONSTRUCTION,GEN,active,0,ZAR,ocds-9t57fa-49199,ocds-9t57fa-49199-2021-10-01T00:00:00Z
2644,AMATHUBA SECURITY AND CLEANING SERVICES,EME,active,0.0,ZAR,ocds-9t57fa-5138,ocds-9t57fa-5138-2021-08-20T00:00:00Z
39444, (ADENCO CONSTRUCTION),GEN,active,317853648.0,ZAR,ocds-9t57fa-5296,ocds-9t57fa-5296-2021-08-20T00:00:00Z
1164,DNA Economics ,QSE,active,0.0,ZAR,ocds-9t57fa-5585,ocds-9t57fa-5585-2021-08-27T00:00:00Z
1918,NEDBANK,EME,active,0.0,ZAR,ocds-9t57fa-5685,ocds-9t57fa-5685-2021-08-27T00:00:00Z
449,CANCELLED DUE TO NON-RESPONSIVENESS,EME,active,0.0,ZAR,ocds-9t57fa-5731,ocds-9t57fa-5731-2021-08-27T00:00:00Z
720,Datacentrix (Pty) Ltd ,EME,active,0.0,ZAR,ocds-9t57fa-6189,ocds-9t57fa-6189-2021-09-03T00:00:00Z
1950,FIDELITY ADT AND TECHNICAL,EME,active,0.0,ZAR,ocds-9t57fa-6374,ocds-9t57fa-6374-2021-09-10T00:00:00Z
2186,COMPASS MEDICAL WASTE SERVICES,EME,active,0.0,ZAR,ocds-9t57fa-6621,ocds-9t57fa-6621-2021-09-10T00:00:00Z
1552,CLOUD4SA,EME,active,0.0,ZAR,ocds-9t57fa-6630,ocds-9t57fa-6630-2021-09-10T00:00:00Z
3172,TIMES TEN TRADING ENTERPRISE,EME,active,0.0,ZAR,ocds-9t57fa-6642,ocds-9t57fa-6642-2021-09-10T00:00:00Z
984,Neo Technologies (Pty) Ltd,EME,active,0.0,ZAR,ocds-9t57fa-6648,ocds-9t57fa-6648-2021-09-10T00:00:00Z
2656,QSK ENGINEERING,EME,active,0.0,ZAR,ocds-9t57fa-6659,ocds-9t57fa-6659-2021-09-10T00:00:00Z
3079,Workshop Electronics,EME,active,0.0,ZAR,ocds-9t57fa-7311,ocds-9t57fa-7311-2021-09-17T00:00:00Z
2066,MMT CONSULTING ENGINEERS,EME,active,0.0,ZAR,ocds-9t57fa-7639,ocds-9t57fa-7639-2021-09-23T00:00:00Z
1935,C A HANEKOM ,EME,active,0.0,ZAR,ocds-9t57fa-7742,ocds-9t57fa-7742-2021-09-23T00:00:00Z
6717,TAU PELE CONSTRUCTION,GEN,active,0.0,ZAR,ocds-9t57fa-8069,ocds-9t57fa-8069-2021-10-01T00:00:00Z
10300,TAU PELE CONSTRUCTION,GEN,active,0.0,ZAR,ocds-9t57fa-8131,ocds-9t57fa-8131-2021-10-01T00:00:00Z
3157,ENERGY MANAGEMENT AND VALIDATION SERVICES,EME,active,0.0,ZAR,ocds-9t57fa-8175,ocds-9t57fa-8175-2021-10-01T00:00:00Z
975,DEON FERRIER & ASSOCIATES (PTY) LTD,EME,active,0.0,ZAR,ocds-9t57fa-8250,ocds-9t57fa-8250-2021-10-01T00:00:00Z
1730,MPHERA TRADING ENTERPRISE,EME,active,0.0,ZAR,ocds-9t57fa-8585,ocds-9t57fa-8585-2021-10-08T00:00:00Z
1740,PERFECT ZONES CONSTRUCTION AND PROJECTS,EME,active,0.0,ZAR,ocds-9t57fa-8593,ocds-9t57fa-8593-2021-10-08T00:00:00Z
1742,RIXALADZA ENTERPRISE,EME,active,0.0,ZAR,ocds-9t57fa-8596,ocds-9t57fa-8596-2021-10-08T00:00:00Z
2950,ONLAB SPECIALIST ELECTRO-TECHNOLOGY,EME,active,0.0,ZAR,ocds-9t57fa-8721,ocds-9t57fa-8721-2021-10-08T00:00:00Z
4566,FIRST NEW GENERATION TRADING ,EME,active,0.0,ZAR,ocds-9t57fa-8761,ocds-9t57fa-8761-2021-10-08T00:00:00Z
2481,DMFT PROPERTY DEVELOPERS,EME,active,0.0,ZAR,ocds-9t57fa-8781,ocds-9t57fa-8781-2021-10-08T00:00:00Z
2871,MASWANA INVESTMENT HOLDINGS,EME,active,0.0,ZAR,ocds-9t57fa-8803,ocds-9t57fa-8803-2021-10-08T00:00:00Z
774,Liquid Telecommunications South Africa (Pty) Ltd,GEN,active,0.0,ZAR,ocds-9t57fa-8816,ocds-9t57fa-8816-2021-10-08T00:00:00Z
2617,XALAMUKA BUILT ENVIRONMENT,EME,active,0.0,ZAR,ocds-9t57fa-9325,ocds-9t57fa-9325-2021-10-15T00:00:00Z
3681,PRO-KEY AND SECURITY,EME,active,0.0,ZAR,ocds-9t57fa-9412,ocds-9t57fa-9412-2021-10-15T00:00:00Z
16580,ONTEC SYSTEMS,EME,active,0,ZAR,ocds-9t57fa-9423,ocds-9t57fa-9423-2021-10-15T00:00:00Z
4058,ESOR CONSTRUCTION,EME,active,0.0,ZAR,ocds-9t57fa-9687,ocds-9t57fa-9687-2021-10-22T00:00:00Z
3842,IALE INSTITUTE,EME,active,0.0,ZAR,ocds-9t57fa-9820,ocds-9t57fa-9820-2021-10-22T00:00:00Z
1255,RAINBOW CIVILS,EME,active,0.0,ZAR,ocds-9t57fa-9866,ocds-9t57fa-9866-2021-10-22T00:00:00Z
2260,Otis ,GEN,active,0.0,ZAR,ocds-9t57fa-9890,ocds-9t57fa-9890-2021-10-22T00:00:00Z
2992,Sinqobile Equestrian Security Services ,QSE,active,0.0,ZAR,ocds-9t57fa-10472,ocds-9t57fa-10472-2021-10-29T00:00:00Z
2156,AMANDLAGCF CONSTRUCTION,EME,active,0.0,ZAR,ocds-9t57fa-10814,ocds-9t57fa-10814-2021-11-05T00:00:00Z
2408,Dwellers Trading and Projects,EME,active,0.0,ZAR,ocds-9t57fa-10870,ocds-9t57fa-10870-2021-11-05T00:00:00Z
4269,Ntiyiso Consulting,EME,active,0.0,ZAR,ocds-9t57fa-11408,ocds-9t57fa-11408-2021-11-12T00:00:00Z
1870,Lilotaki Construction,EME,active,0.0,ZAR,ocds-9t57fa-12348,ocds-9t57fa-12348-2021-11-19T00:00:00Z
49283,AFRICAN PAPER PRODUCTS,EME,active,1897079.0,ZAR,ocds-9t57fa-125875,ocds-9t57fa-125875-2021-07-23T00:00:00Z
1548,SYNERGETIC CONSULTING,EME,active,0.0,ZAR,ocds-9t57fa-13583,ocds-9t57fa-13583-2021-12-03T00:00:00Z
1176,IMIVUZO TRADING ,GEN,active,0.0,ZAR,ocds-9t57fa-1569,ocds-9t57fa-1569-2021-05-27T00:00:00Z
2256,WACO AFRICA,GEN,active,0.0,ZAR,ocds-9t57fa-1599,ocds-9t57fa-1599-2021-05-27T00:00:00Z
38436, (SERVEDBYKEDIBONE),EME,active,82962000.0,ZAR,ocds-9t57fa-2202,ocds-9t57fa-2202-2021-06-11T00:00:00Z
1512,Bulang Projects,EME,active,0.0,ZAR,ocds-9t57fa-2743,ocds-9t57fa-2743-2021-06-25T00:00:00Z
3630,WESTERN AND EASTERN CAPE CONSULTING ENGINEERS,GEN,active,0.0,ZAR,ocds-9t57fa-27600,ocds-9t57fa-27600-2021-05-14T00:00:00Z
1713,BRAINTREE CONSTRUCTION,EME,active,0.0,ZAR,ocds-9t57fa-2777,ocds-9t57fa-2777-2021-06-25T00:00:00Z
39148, (SADC MBUMBA PROJECTS CO,EME,active,42480000.0,ZAR,ocds-9t57fa-2831,ocds-9t57fa-2831-2021-06-25T00:00:00Z
1178,FUNDAMENTAL DESIGNS ,EME,active,0.0,ZAR,ocds-9t57fa-3016,ocds-9t57fa-3016-2021-06-25T00:00:00Z
542,DISTINCTIVE CHOICE 308 CC,EME,active,0.0,ZAR,ocds-9t57fa-3586,ocds-9t57fa-3586-2021-07-09T00:00:00Z
441,ARIKO HOLDINGS (PTY) LTD,EME,active,0.0,ZAR,ocds-9t57fa-3951,ocds-9t57fa-3951-2021-07-29T00:00:00Z
3436,adapt IT,EME,active,0.0,ZAR,ocds-9t57fa-4045,ocds-9t57fa-4045-2021-07-30T00:00:00Z
922,PARKERSON THOMAS TECHNOLOGIES CC T/A OFFICETECH,EME,active,0.0,ZAR,ocds-9t57fa-4061,ocds-9t57fa-4061-2021-07-30T00:00:00Z
211,DR YP NKALANE,EME,active,0.0,ZAR,ocds-9t57fa-4387,ocds-9t57fa-4387-2021-08-06T00:00:00Z
1236,Nkanivo Development Consultants,EME,active,0.0,ZAR,ocds-9t57fa-4785,ocds-9t57fa-4785-2021-08-13T00:00:00Z
5763,SAMO ENG SWITCH GEARS,EME,active,0.0,ZAR,ocds-9t57fa-5293,ocds-9t57fa-5293-2021-08-20T00:00:00Z
912,EMERGENCE GROWTH SA,EME,active,0.0,ZAR,ocds-9t57fa-5625,ocds-9t57fa-5625-2021-08-27T00:00:00Z
311,Ukhozi Transcribers & Secretaries ,EME,active,0.0,ZAR,ocds-9t57fa-6207,ocds-9t57fa-6207-2021-09-03T00:00:00Z
1685,Geospace International ,EME,active,0.0,ZAR,ocds-9t57fa-7754,ocds-9t57fa-7754-2021-09-23T00:00:00Z
3285,ABSA Bank,GEN,active,0.0,ZAR,ocds-9t57fa-8225,ocds-9t57fa-8225-2021-10-01T00:00:00Z
2258,SKG Africa,EME,active,0.0,ZAR,ocds-9t57fa-8254,ocds-9t57fa-8254-2021-10-01T00:00:00Z
2318,Modiba Engineering Services,EME,active,0.0,ZAR,ocds-9t57fa-8303,ocds-9t57fa-8303-2021-10-02T00:00:00Z
18093,PREDUSE PROJECTS,EME,active,0,ZAR,ocds-9t57fa-8842,ocds-9t57fa-8842-2021-10-08T00:00:00Z
3503,Integrum Global Solutions,GEN,active,0.0,ZAR,ocds-9t57fa-9315,ocds-9t57fa-9315-2021-10-15T00:00:00Z
2833,LINOMTHA PROPERTIES,EME,active,0.0,ZAR,ocds-9t57fa-9357,ocds-9t57fa-9357-2021-10-15T00:00:00Z
2118,siyejabula Trading,EME,active,0.0,ZAR,ocds-9t57fa-974,ocds-9t57fa-974-2021-05-14T00:00:00Z
3595,REBAONE ELECTRICAL AND CONSTRUCTION,EME,active,0.0,ZAR,ocds-9t57fa-9949,ocds-9t57fa-9949-2021-10-22T00:00:00Z
1333,HOUSE OF THE BRAVE,EME,active,0.0,ZAR,ocds-9t57fa-3519,ocds-9t57fa-3519-2021-07-09T00:00:00Z
72,Shereno Printers ,EME,active,0.0,ZAR,ocds-9t57fa-3721,ocds-9t57fa-3721-2021-07-22T00:00:00Z
25086,CV PROJECTS SA,EME,active,48887387.0,ZAR,ocds-9t57fa-10317,ocds-9t57fa-10317-2021-10-29T00:00:00Z
25085,CV PROJECTS SA,EME,active,48887387.0,ZAR,ocds-9t57fa-10317,ocds-9t57fa-10317-2021-10-29T00:00:00Z
2181,CYBERFOX,EME,active,0.0,ZAR,ocds-9t57fa-10364,ocds-9t57fa-10364-2021-10-29T00:00:00Z
2652,VUMANI CIVILS,QSE,active,0.0,ZAR,ocds-9t57fa-10404,ocds-9t57fa-10404-2021-10-29T00:00:00Z
2857,OCULUS OPERATIONAL INNOVATIONS,GEN,active,0.0,ZAR,ocds-9t57fa-10435,ocds-9t57fa-10435-2021-10-29T00:00:00Z
4807,ARMS-Audit and Risk Management Solutions,QSE,active,0.0,ZAR,ocds-9t57fa-10682,ocds-9t57fa-10682-2021-11-05T00:00:00Z
4796,ARMS-Audit and Risk Management Solutions,QSE,active,0.0,ZAR,ocds-9t57fa-10682,ocds-9t57fa-10682-2021-11-05T00:00:00Z
4299,ACS TRAINING,EME,active,0.0,ZAR,ocds-9t57fa-10815,ocds-9t57fa-10815-2021-11-05T00:00:00Z
4403,TJEKA TRAINING MATTERS,QSE,active,0.0,ZAR,ocds-9t57fa-10815,ocds-9t57fa-10815-2021-11-05T00:00:00Z
3684,Masututsa Consulting ,QSE,active,0.0,ZAR,ocds-9t57fa-10853,ocds-9t57fa-10853-2021-11-05T00:00:00Z
4929,HITACHI ENERGY SOUTH AFRICA,GEN,active,0.0,ZAR,ocds-9t57fa-10933,ocds-9t57fa-10933-2021-11-05T00:00:00Z
2731,RUWACON,EME,active,0.0,ZAR,ocds-9t57fa-11436,ocds-9t57fa-11436-2021-11-12T00:00:00Z
3449,HIDRO-TECH SYSTEMS,EME,active,0.0,ZAR,ocds-9t57fa-11517,ocds-9t57fa-11517-2021-11-12T00:00:00Z
29591, (TRINITON INVESTMENTS),EME,active,3913043.0,ZAR,ocds-9t57fa-11539,ocds-9t57fa-11539-2021-11-12T00:00:00Z
3186,Quantum Strategix,EME,active,0.0,ZAR,ocds-9t57fa-11577,ocds-9t57fa-11577-2021-11-12T00:00:00Z
1497,LE ROUX'S AIR CONDITIONING AND MAINTENANCE PROJECTS,EME,active,0.0,ZAR,ocds-9t57fa-11609,ocds-9t57fa-11609-2021-11-12T00:00:00Z
1857,Accurate Structures,EME,active,0.0,ZAR,ocds-9t57fa-12092,ocds-9t57fa-12092-2021-11-26T00:00:00Z
3336,Uhambo Procurement and Distribution,QSE,active,0.0,ZAR,ocds-9t57fa-12173,ocds-9t57fa-12173-2021-11-19T00:00:00Z
3346,Marce Projects,QSE,active,0.0,ZAR,ocds-9t57fa-12173,ocds-9t57fa-12173-2021-11-19T00:00:00Z
11515,Media Mix 360,QSE,active,0,ZAR,ocds-9t57fa-12196,ocds-9t57fa-12196-2021-11-19T00:00:00Z
7911,Leswao Facilities Management,QSE,active,0.0,ZAR,ocds-9t57fa-12316,ocds-9t57fa-12316-2021-11-19T00:00:00Z
7910,Masheleni Trading and Projects,QSE,active,0.0,ZAR,ocds-9t57fa-12316,ocds-9t57fa-12316-2021-11-19T00:00:00Z
2152,Beal Africa,EME,active,0.0,ZAR,ocds-9t57fa-12756,ocds-9t57fa-12756-2021-11-26T00:00:00Z
3492,ADVANCE CALL,EME,active,0.0,ZAR,ocds-9t57fa-12997,ocds-9t57fa-12997-2021-11-26T00:00:00Z
3741,COMMERCE EDGE SOUTH AFRICA ,QSE,active,0.0,ZAR,ocds-9t57fa-13044,ocds-9t57fa-13044-2021-11-26T00:00:00Z
3768,SILALELE SKILLS ACADEMY ,EME,active,0.0,ZAR,ocds-9t57fa-13044,ocds-9t57fa-13044-2021-11-26T00:00:00Z
3763,ABINET ,EME,active,0.0,ZAR,ocds-9t57fa-13044,ocds-9t57fa-13044-2021-11-26T00:00:00Z
4693,KASHAN ADVERTISING,EME,active,0.0,ZAR,ocds-9t57fa-13517,ocds-9t57fa-13517-2021-12-03T00:00:00Z
362,MMT Inland (Pty) Ltd,EME,active,0.0,ZAR,ocds-9t57fa-2224,ocds-9t57fa-2224-2021-06-11T00:00:00Z
3284,SAPROWA,QSE,active,0.0,ZAR,ocds-9t57fa-25668,ocds-9t57fa-25668-2021-11-26T00:00:00Z
1759,ROVENESKY HOLDINGS,EME,active,0.0,ZAR,ocds-9t57fa-2754,ocds-9t57fa-2754-2021-06-25T00:00:00Z
1767,REBEILWE INVESTMENT HOLDINGS,EME,active,0.0,ZAR,ocds-9t57fa-2785,ocds-9t57fa-2785-2021-06-25T00:00:00Z
1482,LUTENDO PROPERTY GROUP,EME,active,0.0,ZAR,ocds-9t57fa-3151,ocds-9t57fa-3151-2021-07-02T00:00:00Z
608,Lutendo Property Group T/A Lutendo Group,EME,active,0.0,ZAR,ocds-9t57fa-3151,ocds-9t57fa-3151-2021-07-02T00:00:00Z
262,Riverwalk Trading,EME,active,0.0,ZAR,ocds-9t57fa-3911,ocds-9t57fa-3911-2021-07-29T00:00:00Z
469,NUTECH INDUSTRIAL,EME,active,0.0,ZAR,ocds-9t57fa-3990,ocds-9t57fa-3990-2021-07-29T00:00:00Z
3474,JTA PROPERTIES,EME,active,0.0,ZAR,ocds-9t57fa-4427,ocds-9t57fa-4427-2021-08-06T00:00:00Z
789,MASANA HYGIENE SERVICES,GEN,active,0.0,ZAR,ocds-9t57fa-4488,ocds-9t57fa-4488-2021-08-06T00:00:00Z
666,PRDW MTBS ,EME,active,0.0,ZAR,ocds-9t57fa-4513,ocds-9t57fa-4513-2021-08-06T00:00:00Z
318,CCG SYSTEMS (PTY) LTD,GEN,active,0.0,ZAR,ocds-9t57fa-4837,ocds-9t57fa-4837-2021-08-13T00:00:00Z
3905,TICA CONSULTANTS ,EME,active,0.0,ZAR,ocds-9t57fa-4852,ocds-9t57fa-4852-2021-08-13T00:00:00Z
4074,LAST SAMURAI PROPERTY HOLDINGS 2,EME,active,0.0,ZAR,ocds-9t57fa-5254,ocds-9t57fa-5254-2021-08-20T00:00:00Z
4078,ELITE INVESTHOLD,EME,active,0.0,ZAR,ocds-9t57fa-5254,ocds-9t57fa-5254-2021-08-20T00:00:00Z
4081,XIGWILI PROJECT MANAGEMENT,EME,active,0.0,ZAR,ocds-9t57fa-5254,ocds-9t57fa-5254-2021-08-20T00:00:00Z
1326,Morar ,QSE,active,0.0,ZAR,ocds-9t57fa-5602,ocds-9t57fa-5602-2021-08-27T00:00:00Z
3166,SITE STAR CONSTRUCTION 10,EME,active,0.0,ZAR,ocds-9t57fa-5704,ocds-9t57fa-5704-2021-08-27T00:00:00Z
317,ICAS EMPLOYEE AND ORGANISATION ENHANCEMENT SERVICES SOUTHERN AFRICA (PTY) LTD,GEN,active,0.0,ZAR,ocds-9t57fa-5754,ocds-9t57fa-5754-2021-08-27T00:00:00Z
1584,XILOTA PROJECTS,QSE,active,0.0,ZAR,ocds-9t57fa-6194,ocds-9t57fa-6194-2021-09-03T00:00:00Z
1460,Brilliant Telecommunications ,GEN,active,0.0,ZAR,ocds-9t57fa-6643,ocds-9t57fa-6643-2021-09-10T00:00:00Z
1509,Bosch Projects,GEN,active,0.0,ZAR,ocds-9t57fa-7271,ocds-9t57fa-7271-2021-09-17T00:00:00Z
3133,PricewaterhouseCoopers,EME,active,0.0,ZAR,ocds-9t57fa-7310,ocds-9t57fa-7310-2021-09-17T00:00:00Z
10541,H and I Construction,GEN,active,0.0,ZAR,ocds-9t57fa-7764,ocds-9t57fa-7764-2021-09-23T00:00:00Z
1589,TRAVEL WITH FLAIR,GEN,active,0.0,ZAR,ocds-9t57fa-8257,ocds-9t57fa-8257-2021-10-01T00:00:00Z
1735,MPHEFHEDZI BUSINESS ENTERPRISES,EME,active,0.0,ZAR,ocds-9t57fa-8581,ocds-9t57fa-8581-2021-10-08T00:00:00Z
1731,NANDZU TRADE AND GENERAL PROJECTS ,EME,active,0.0,ZAR,ocds-9t57fa-8588,ocds-9t57fa-8588-2021-10-08T00:00:00Z
1743,THALEMA TRADING ENTERPRISE,EME,active,0.0,ZAR,ocds-9t57fa-8599,ocds-9t57fa-8599-2021-10-08T00:00:00Z
4024,ACF TECHNOLOGIES,EME,active,0.0,ZAR,ocds-9t57fa-8647,ocds-9t57fa-8647-2021-10-08T00:00:00Z
3573,Gijima Holdings,EME,active,0.0,ZAR,ocds-9t57fa-8807,ocds-9t57fa-8807-2021-10-08T00:00:00Z
3559,One World Solutions,EME,active,0.0,ZAR,ocds-9t57fa-8807,ocds-9t57fa-8807-2021-10-08T00:00:00Z
2613,RDCON,EME,active,0.0,ZAR,ocds-9t57fa-9317,ocds-9t57fa-9317-2021-10-15T00:00:00Z
1869,Kgotso Mokone Traders,EME,active,0.0,ZAR,ocds-9t57fa-9868,ocds-9t57fa-9868-2021-10-22T00:00:00Z
2422,Otis,EME,active,0.0,ZAR,ocds-9t57fa-9885,ocds-9t57fa-9885-2021-10-22T00:00:00Z
47679,NKQUBELA COMMUNITY DEVELOPERS,EME,active,10.0,ZAR,ocds-9t57fa-122735,ocds-9t57fa-122735-2021-02-19T00:00:00Z
19515,Integrators of Systems Technology,GEN,active,76897225.0,ZAR,ocds-9t57fa-14428,ocds-9t57fa-14428-2021-12-24T00:00:00Z
3026,BIDVEST OFFICE,GEN,active,0.0,ZAR,ocds-9t57fa-23807,ocds-9t57fa-23807-2021-04-01T00:00:00Z
3150,SSG CLEANING,EME,active,0.0,ZAR,ocds-9t57fa-24691,ocds-9t57fa-24691-2021-04-01T00:00:00Z
3533,GREENRO SOLUTIONS,EME,active,0.0,ZAR,ocds-9t57fa-25740,ocds-9t57fa-25740-2021-04-09T00:00:00Z
4043,PROTEA SPORTS COURTS SA,GEN,active,0.0,ZAR,ocds-9t57fa-30397,ocds-9t57fa-30397-2021-03-19T00:00:00Z
4212,Alteram Solutions,GEN,active,0.0,ZAR,ocds-9t57fa-31383,ocds-9t57fa-31383-2021-03-15T00:00:00Z
4221,JUTA AND COMPANY ,GEN,active,0.0,ZAR,ocds-9t57fa-31489,ocds-9t57fa-31489-2021-04-01T00:00:00Z
4311,STATE INFORMATION TECHNOLOGY AGENCY ,GEN,active,0.0,ZAR,ocds-9t57fa-32197,ocds-9t57fa-32197-2021-03-05T00:00:00Z
4476,BLUE OCEANS INFORMATION SOLUTIONS,EME,active,0.0,ZAR,ocds-9t57fa-32816,ocds-9t57fa-32816-2021-03-26T00:00:00Z
511,Gripp Advisory (Pty) Ltd ,QSE,active,0.0,ZAR,ocds-9t57fa-3552,ocds-9t57fa-3552-2021-07-09T00:00:00Z
2962,C T LAB,QSE,active,0.0,ZAR,ocds-9t57fa-3568,ocds-9t57fa-3568-2021-07-09T00:00:00Z
378,Khanya Aircon and Projects,EME,active,0.0,ZAR,ocds-9t57fa-3605,ocds-9t57fa-3605-2021-07-14T00:00:00Z
10987,MOLOTO BEE VERIFICATIONS,EME,active,0.0,ZAR,ocds-9t57fa-52648,ocds-9t57fa-52648-2021-04-01T00:00:00Z
38448, (GREATLINKING MANAGEMENT SERVICES),EME,active,655517250.0,ZAR,ocds-9t57fa-573,ocds-9t57fa-573-2021-05-05T00:00:00Z
16979,BRILLIANT TELECOMMUNICATIONS,EME,active,2693123.0,ZAR,ocds-9t57fa-68459,ocds-9t57fa-68459-2021-04-01T00:00:00Z
1564,BREITECH,EME,active,0.0,ZAR,ocds-9t57fa-10333,ocds-9t57fa-10333-2021-10-29T00:00:00Z
2641,MOENADIA ROCHAN MOOSA,EME,active,0.0,ZAR,ocds-9t57fa-10367,ocds-9t57fa-10367-2021-10-29T00:00:00Z
1425,ADIMARE TRADING ENTERPRISE,EME,active,0.0,ZAR,ocds-9t57fa-10416,ocds-9t57fa-10416-2021-10-29T00:00:00Z
5984,MZANSI AFRICA -CIVILS,EME,active,0.0,ZAR,ocds-9t57fa-10675,ocds-9t57fa-10675-2021-11-05T00:00:00Z
2685,ALTRON TMT,EME,active,0.0,ZAR,ocds-9t57fa-10800,ocds-9t57fa-10800-2021-11-05T00:00:00Z
3491,VE RETICULATION,EME,active,0.0,ZAR,ocds-9t57fa-10835,ocds-9t57fa-10835-2021-11-05T00:00:00Z
32298, (HLOMBE INSTITUTE),EME,active,1.0,ZAR,ocds-9t57fa-11286,ocds-9t57fa-11286-2021-11-12T00:00:00Z
3176,CLAASSEN STONE,EME,active,0.0,ZAR,ocds-9t57fa-11429,ocds-9t57fa-11429-2021-11-12T00:00:00Z
29577, (ISU ENGINEERING),EME,active,20273615.0,ZAR,ocds-9t57fa-11512,ocds-9t57fa-11512-2021-11-12T00:00:00Z
2654,KFC PIPES AND FITTINGS,EME,active,0.0,ZAR,ocds-9t57fa-11568,ocds-9t57fa-11568-2021-11-12T00:00:00Z
11845,NU-PRINT,EME,active,0,ZAR,ocds-9t57fa-12203,ocds-9t57fa-12203-2021-11-19T00:00:00Z
235,EnviroServ Waste Management (Pty) Ltd.,EME,active,0.0,ZAR,ocds-9t57fa-123,ocds-9t57fa-123-2021-04-23T00:00:00Z
778,Ontec Systems Pty Ltd,EME,active,0.0,ZAR,ocds-9t57fa-124,ocds-9t57fa-124-2021-04-23T00:00:00Z
1454,Adnotes,EME,active,0.0,ZAR,ocds-9t57fa-13003,ocds-9t57fa-13003-2021-11-26T00:00:00Z
3011,DNA ECONOMICS,EME,active,0.0,ZAR,ocds-9t57fa-13486,ocds-9t57fa-13486-2021-12-03T00:00:00Z
1701,MADAN SINGH AND ASSOCIATES,QSE,active,0.0,ZAR,ocds-9t57fa-13531,ocds-9t57fa-13531-2021-12-03T00:00:00Z
952,Maximus Earthworks (Pty) Ltd /  Phezulu Plant,GEN,active,0.0,ZAR,ocds-9t57fa-13556,ocds-9t57fa-13556-2021-12-03T00:00:00Z
1571,ACCTECH SYSTEMS,GEN,active,0.0,ZAR,ocds-9t57fa-1827,ocds-9t57fa-1827-2021-06-04T00:00:00Z
387,Sakhikhaya Suppliers CC,EME,active,0.0,ZAR,ocds-9t57fa-1905,ocds-9t57fa-1905-2021-06-03T00:00:00Z
1754,B H S BUILDING CONTRACTORS,EME,active,0.0,ZAR,ocds-9t57fa-2745,ocds-9t57fa-2745-2021-06-25T00:00:00Z
1762,VITSHA PM CONSULTANTS,EME,active,0.0,ZAR,ocds-9t57fa-2757,ocds-9t57fa-2757-2021-06-25T00:00:00Z
1712,KWEN N TEE,EME,active,0.0,ZAR,ocds-9t57fa-2775,ocds-9t57fa-2775-2021-06-25T00:00:00Z
688,Zutari Pty Ltd,GEN,active,0.0,ZAR,ocds-9t57fa-2805,ocds-9t57fa-2805-2021-06-25T00:00:00Z
11127,REFRESH NETWORKS,EME,active,0.0,ZAR,ocds-9t57fa-282,ocds-9t57fa-282-2021-04-29T00:00:00Z
3798,PIET JOMBERE CONSTRUCTION,EME,active,0.0,ZAR,ocds-9t57fa-28490,ocds-9t57fa-28490-2021-12-03T00:00:00Z
655,Martin and East,GEN,active,0.0,ZAR,ocds-9t57fa-2879,ocds-9t57fa-2879-2021-06-25T00:00:00Z
277,BLACKBIRD TRADING,EME,active,0.0,ZAR,ocds-9t57fa-2895,ocds-9t57fa-2895-2021-06-25T00:00:00Z
1180,FUNDAMENTAL DESIGNS ,EME,active,0.0,ZAR,ocds-9t57fa-3020,ocds-9t57fa-3020-2021-06-25T00:00:00Z
96,Commerce Edge SA,EME,active,0.0,ZAR,ocds-9t57fa-3513,ocds-9t57fa-3513-2021-07-09T00:00:00Z
2907,GRAND UNIFORMS,EME,active,0.0,ZAR,ocds-9t57fa-365,ocds-9t57fa-365-2021-04-30T00:00:00Z
319,RAM International Insurance Brokers (Pty) Ltd ,GEN,active,0.0,ZAR,ocds-9t57fa-3688,ocds-9t57fa-3688-2021-07-22T00:00:00Z
5440,The Human Edge ,QSE,active,0.0,ZAR,ocds-9t57fa-37890,ocds-9t57fa-37890-2021-11-19T00:00:00Z
1557,Deloitte & Touche,GEN,active,0.0,ZAR,ocds-9t57fa-3982,ocds-9t57fa-3982-2021-07-30T00:00:00Z
5223,CIBA CONSORTIUM,GEN,active,0.0,ZAR,ocds-9t57fa-4018,ocds-9t57fa-4018-2021-07-30T00:00:00Z
1858,AFRILINE CIVILS,QSE,active,0.0,ZAR,ocds-9t57fa-4038,ocds-9t57fa-4038-2021-07-30T00:00:00Z
724,AUTO AERO MOTOR AND GENERAL PTY LTD,EME,active,0.0,ZAR,ocds-9t57fa-4055,ocds-9t57fa-4055-2021-07-30T00:00:00Z
1430,GEBEN JOINT VENTURE,EME,active,0.0,ZAR,ocds-9t57fa-4082,ocds-9t57fa-4082-2021-07-30T00:00:00Z
2582,Mbanga Trading Enterprise,EME,active,0.0,ZAR,ocds-9t57fa-4424,ocds-9t57fa-4424-2021-08-06T00:00:00Z
715,Dupleix Institute  ,EME,active,0.0,ZAR,ocds-9t57fa-4518,ocds-9t57fa-4518-2021-08-06T00:00:00Z
1026,SPECTRO Analytical Instruments (Pty) Ltd,GEN,active,0.0,ZAR,ocds-9t57fa-4793,ocds-9t57fa-4793-2021-08-13T00:00:00Z
1823,Leocest Corporate ,EME,active,0.0,ZAR,ocds-9t57fa-4797,ocds-9t57fa-4797-2021-08-13T00:00:00Z
520,Process Tools and Industrial Supplies cc,EME,active,0.0,ZAR,ocds-9t57fa-4831,ocds-9t57fa-4831-2021-08-13T00:00:00Z
306,MJO Consulting,EME,active,0.0,ZAR,ocds-9t57fa-4859,ocds-9t57fa-4859-2021-08-13T00:00:00Z
2063,LATERAL UNISON INSURANCE BROKERS,EME,active,0.0,ZAR,ocds-9t57fa-5244,ocds-9t57fa-5244-2021-08-20T00:00:00Z
8669,Link Property Facilitators,GEN,active,0.0,ZAR,ocds-9t57fa-5290,ocds-9t57fa-5290-2021-08-20T00:00:00Z
3836,LUCEM GROUP,EME,active,0.0,ZAR,ocds-9t57fa-5687,ocds-9t57fa-5687-2021-08-27T00:00:00Z
4357,ENVIROSERV WASTE MANAGEMENT,EME,active,0.0,ZAR,ocds-9t57fa-6128,ocds-9t57fa-6128-2021-09-03T00:00:00Z
3444,ESRI SOUTH AFRICA,EME,active,0.0,ZAR,ocds-9t57fa-6184,ocds-9t57fa-6184-2021-09-03T00:00:00Z
2943,ILIMA AFRICA DEVELOPMENT,EME,active,0.0,ZAR,ocds-9t57fa-6192,ocds-9t57fa-6192-2021-09-03T00:00:00Z
27,OKS Investment 2009,EME,active,0.0,ZAR,ocds-9t57fa-621,ocds-9t57fa-621-2021-05-06T00:00:00Z
1964,PRIME SAFETY SOLUTIONS,EME,active,0.0,ZAR,ocds-9t57fa-6238,ocds-9t57fa-6238-2021-09-03T00:00:00Z
1073,INFORMATION SECURITY ARCHITECTS (PTY) LTD ,GEN,active,0.0,ZAR,ocds-9t57fa-654,ocds-9t57fa-654-2021-05-07T00:00:00Z
1585,TACHIRIA INVESTMENTS,EME,active,0.0,ZAR,ocds-9t57fa-6626,ocds-9t57fa-6626-2021-09-10T00:00:00Z
1069,Nesoscope Holdings (Pty) Ltd,EME,active,0.0,ZAR,ocds-9t57fa-6640,ocds-9t57fa-6640-2021-09-10T00:00:00Z
640,LUQHAYI INVESTMENT,EME,active,0.0,ZAR,ocds-9t57fa-7551,ocds-9t57fa-7551-2021-09-23T00:00:00Z
2252,GVK-SIYA ZAMA BUILDING CONTRACTORS (CAPE),EME,active,0.0,ZAR,ocds-9t57fa-7693,ocds-9t57fa-7693-2021-09-23T00:00:00Z
910,Dataproof Communications (PTY) Ltd,QSE,active,0.0,ZAR,ocds-9t57fa-7736,ocds-9t57fa-7736-2021-09-23T00:00:00Z
2183,AVX CONSULTING ENGINEERS,EME,active,0.0,ZAR,ocds-9t57fa-8142,ocds-9t57fa-8142-2021-10-01T00:00:00Z
3838,PHATSIMO MANAGEMENT CONSULTANTS,EME,active,0.0,ZAR,ocds-9t57fa-8170,ocds-9t57fa-8170-2021-10-01T00:00:00Z
2747,Rising Sun Printers ,GEN,active,0.0,ZAR,ocds-9t57fa-8177,ocds-9t57fa-8177-2021-10-01T00:00:00Z
4359,SKYSITE,EME,active,0.0,ZAR,ocds-9t57fa-8185,ocds-9t57fa-8185-2021-10-01T00:00:00Z
11662,BARLEDA 232 ,QSE,active,0,ZAR,ocds-9t57fa-8249,ocds-9t57fa-8249-2021-10-01T00:00:00Z
2956,Prime African Security,EME,active,0.0,ZAR,ocds-9t57fa-8277,ocds-9t57fa-8277-2021-10-01T00:00:00Z
1064,MSWS Counselling and Social Work Services,EME,active,0.0,ZAR,ocds-9t57fa-8442,ocds-9t57fa-8442-2021-10-08T00:00:00Z
1727,MMALLALE BUSINESS ENTERPRISE,EME,active,0.0,ZAR,ocds-9t57fa-8582,ocds-9t57fa-8582-2021-10-08T00:00:00Z
1739,ONSET CONSTRUCTION ,EME,active,0.0,ZAR,ocds-9t57fa-8591,ocds-9t57fa-8591-2021-10-08T00:00:00Z
1744,BOIKGAFO MULTIPROJECTS,EME,active,0.0,ZAR,ocds-9t57fa-8600,ocds-9t57fa-8600-2021-10-08T00:00:00Z
1044,Tiana Business Consulting Services,EME,active,0.0,ZAR,ocds-9t57fa-8626,ocds-9t57fa-8626-2021-10-08T00:00:00Z
1028,Bakula Multi Construction,EME,active,0.0,ZAR,ocds-9t57fa-8788,ocds-9t57fa-8788-2021-10-08T00:00:00Z
99,ICAS SOUTHERN AFRICA (PTY) LTD,GEN,active,0.0,ZAR,ocds-9t57fa-893,ocds-9t57fa-893-2021-05-13T00:00:00Z
3116,RUWACON,EME,active,0.0,ZAR,ocds-9t57fa-9251,ocds-9t57fa-9251-2021-10-15T00:00:00Z
9434,EMPA STRUCTURES,EME,active,0.0,ZAR,ocds-9t57fa-9302,ocds-9t57fa-9302-2021-10-15T00:00:00Z
5262,SIPHO D CIVILS AND CONSTRUCTION COMPANY,EME,active,0.0,ZAR,ocds-9t57fa-9768,ocds-9t57fa-9768-2021-10-22T00:00:00Z
2458,IKAPA RETICULATION AND FLOW,GEN,active,0.0,ZAR,ocds-9t57fa-9823,ocds-9t57fa-9823-2021-10-22T00:00:00Z
954,Frontline Occupational Safety Consultancy & Service cc,EME,active,0.0,ZAR,ocds-9t57fa-9898,ocds-9t57fa-9898-2021-10-22T00:00:00Z
4167,SURGICAL INNOVATIONS,GEN,active,0.0,ZAR,ocds-9t57fa-9916,ocds-9t57fa-9916-2021-10-22T00:00:00Z
3683,Zutari ,GEN,active,0.0,ZAR,ocds-9t57fa-10848,ocds-9t57fa-10848-2021-11-05T00:00:00Z
6465,GUBHUZA 3 TRADING,EME,active,0.0,ZAR,ocds-9t57fa-10882,ocds-9t57fa-10882-2021-11-05T00:00:00Z
1526,115 ELECTRICAL SOLUTIONS,EME,active,0.0,ZAR,ocds-9t57fa-12204,ocds-9t57fa-12204-2021-11-19T00:00:00Z
4649,LAWULA SYSTEMS,EME,active,0.0,ZAR,ocds-9t57fa-12343,ocds-9t57fa-12343-2021-11-19T00:00:00Z
1849,Urban-Econ Development Economists,QSE,active,0.0,ZAR,ocds-9t57fa-12835,ocds-9t57fa-12835-2021-11-26T00:00:00Z
3454,BIDVEST OFFICE,EME,active,0.0,ZAR,ocds-9t57fa-13463,ocds-9t57fa-13463-2021-12-03T00:00:00Z
2385,ZUTARI ,EME,active,0.0,ZAR,ocds-9t57fa-14084,ocds-9t57fa-14084-2021-12-11T00:00:00Z
5801,M I S ENGINEERING,EME,active,0.0,ZAR,ocds-9t57fa-14352,ocds-9t57fa-14352-2021-12-17T00:00:00Z
756,SABS Commercial SOC Ltd (SABS),GEN,active,0.0,ZAR,ocds-9t57fa-1555,ocds-9t57fa-1555-2021-05-28T00:00:00Z
2235,AYANDA MBANGA COMMUNICATIONS,EME,active,0.0,ZAR,ocds-9t57fa-1597,ocds-9t57fa-1597-2021-05-27T00:00:00Z
9729,Travel With Flair,GEN,active,0.0,ZAR,ocds-9t57fa-1944,ocds-9t57fa-1944-2021-06-04T00:00:00Z
650,South African Value Education,EME,active,0.0,ZAR,ocds-9t57fa-2239,ocds-9t57fa-2239-2021-06-11T00:00:00Z
1755,NOMSA NTENTENG TRADING AND PROJECTS,EME,active,0.0,ZAR,ocds-9t57fa-2751,ocds-9t57fa-2751-2021-06-25T00:00:00Z
3623,ADENCO CONSTRUCTION,GEN,active,0.0,ZAR,ocds-9t57fa-27570,ocds-9t57fa-27570-2021-06-25T00:00:00Z
1718,MKHONDE GROUP,EME,active,0.0,ZAR,ocds-9t57fa-2791,ocds-9t57fa-2791-2021-06-25T00:00:00Z
65,Matupunuka ICT,QSE,active,0.0,ZAR,ocds-9t57fa-2827,ocds-9t57fa-2827-2021-06-25T00:00:00Z
3848,HYDRO CAPE TURF SERVICES,GEN,active,0.0,ZAR,ocds-9t57fa-28577,ocds-9t57fa-28577-2021-11-13T00:00:00Z
2753,REN FORM LITHO ,QSE,active,0.0,ZAR,ocds-9t57fa-3015,ocds-9t57fa-3015-2021-06-25T00:00:00Z
1661,MTK CIVIL CONTRUCTION AND  SECURITY,EME,active,0.0,ZAR,ocds-9t57fa-3950,ocds-9t57fa-3950-2021-07-29T00:00:00Z
725,STRAIGHT BREAK DOWN,EME,active,0.0,ZAR,ocds-9t57fa-4058,ocds-9t57fa-4058-2021-07-30T00:00:00Z
3476,CAROLINE 31,EME,active,0.0,ZAR,ocds-9t57fa-4423,ocds-9t57fa-4423-2021-08-06T00:00:00Z
1973,AP DEVELOPMENT ,EME,active,0.0,ZAR,ocds-9t57fa-4743,ocds-9t57fa-4743-2021-08-13T00:00:00Z
512,NUTECH INDUSTRIAL CC,EME,active,0.0,ZAR,ocds-9t57fa-4802,ocds-9t57fa-4802-2021-08-13T00:00:00Z
2632,ZITHOLELE CONSULTING ,QSE,active,0.0,ZAR,ocds-9t57fa-5301,ocds-9t57fa-5301-2021-08-20T00:00:00Z
1024,Masheleni Trading & Projects,QSE,active,0.0,ZAR,ocds-9t57fa-6206,ocds-9t57fa-6206-2021-09-03T00:00:00Z
1048,OD Management Services,EME,active,0.0,ZAR,ocds-9t57fa-6971,ocds-9t57fa-6971-2021-09-17T00:00:00Z
1083,Experts on the Go Pty Ltd,QSE,active,0.0,ZAR,ocds-9t57fa-7263,ocds-9t57fa-7263-2021-09-17T00:00:00Z
440,Container Consumables Industries and Supplies CC,QSE,active,0.0,ZAR,ocds-9t57fa-7750,ocds-9t57fa-7750-2021-09-23T00:00:00Z
11666,Accutronics ,QSE,active,0,ZAR,ocds-9t57fa-7772,ocds-9t57fa-7772-2021-09-23T00:00:00Z
1092,Thendo Trading,GEN,active,0.0,ZAR,ocds-9t57fa-8058,ocds-9t57fa-8058-2021-10-01T00:00:00Z
977,CT LAB (PTY) LTD,EME,active,0.0,ZAR,ocds-9t57fa-8247,ocds-9t57fa-8247-2021-10-01T00:00:00Z
2919,EXCLAIM INNOVATIONS AND SOLUTIONS,EME,active,0.0,ZAR,ocds-9t57fa-8302,ocds-9t57fa-8302-2021-10-02T00:00:00Z
1419,Anchora Enterprises ,EME,active,0.0,ZAR,ocds-9t57fa-8752,ocds-9t57fa-8752-2021-10-08T00:00:00Z
3335,Marce Projects,QSE,active,0.0,ZAR,ocds-9t57fa-9312,ocds-9t57fa-9312-2021-10-15T00:00:00Z
4152,REALLIFE INVESTMENT HOLDING,EME,active,0.0,ZAR,ocds-9t57fa-9404,ocds-9t57fa-9404-2021-10-15T00:00:00Z
2116,Astraia Technologies,EME,active,0.0,ZAR,ocds-9t57fa-943,ocds-9t57fa-943-2021-05-14T00:00:00Z
2721,IBUYA CONSULTING ENGINEERS,EME,active,0.0,ZAR,ocds-9t57fa-9893,ocds-9t57fa-9893-2021-10-22T00:00:00Z
4181,ESBAR HOLDING,EME,active,0.0,ZAR,ocds-9t57fa-9962,ocds-9t57fa-9962-2021-10-23T00:00:00Z
5446,Ornecy,EME,active,0.0,ZAR,ocds-9t57fa-37900,ocds-9t57fa-37900-2021-08-06T00:00:00Z
66881,NEC XON SYSTEMS,Qualifying small enterprise,active,20500989775.0,ZAR,ocds-9t57fa-153160,ocds-9t57fa-153160-2021-03-06T00:00:00Z
3739,BLACK EAGLE INVESTMENTS,EME,active,0.0,ZAR,ocds-9t57fa-10269,ocds-9t57fa-10269-2021-10-29T00:00:00Z
9441,AMS CIVILS,EME,active,0.0,ZAR,ocds-9t57fa-10350,ocds-9t57fa-10350-2021-10-29T00:00:00Z
1080,Ploy Media (Pty) Ltd,EME,active,0.0,ZAR,ocds-9t57fa-10373,ocds-9t57fa-10373-2021-10-29T00:00:00Z
3338,INTEGRUM GLOBAL SOLUTIONS,EME,active,0.0,ZAR,ocds-9t57fa-10401,ocds-9t57fa-10401-2021-10-29T00:00:00Z
11186,PTM GLOBAL CONSULTING,EME,active,0.0,ZAR,ocds-9t57fa-10405,ocds-9t57fa-10405-2021-10-29T00:00:00Z
11190,PRISCILLA BERENICE MARTIN,EME,active,0.0,ZAR,ocds-9t57fa-10405,ocds-9t57fa-10405-2021-10-29T00:00:00Z
5639,INTEGRUM GLOBAL SOLUTIONS,EME,active,0.0,ZAR,ocds-9t57fa-10415,ocds-9t57fa-10415-2021-10-29T00:00:00Z
2814,Ebesa Architects ,EME,active,0.0,ZAR,ocds-9t57fa-10450,ocds-9t57fa-10450-2021-10-29T00:00:00Z
10496,BATALALA CONSULTING ENGINEERS,EME,active,0.0,ZAR,ocds-9t57fa-10470,ocds-9t57fa-10470-2021-10-29T00:00:00Z
2697,MATOBAKO ISAIAH MOTSOAHOLE,EME,active,0.0,ZAR,ocds-9t57fa-10796,ocds-9t57fa-10796-2021-11-05T00:00:00Z
2698,NATHEEFAH MAROOF,EME,active,0.0,ZAR,ocds-9t57fa-10796,ocds-9t57fa-10796-2021-11-05T00:00:00Z
3686,Masututsa Consulting,QSE,active,0.0,ZAR,ocds-9t57fa-10854,ocds-9t57fa-10854-2021-11-05T00:00:00Z
4561,Actom,EME,active,0.0,ZAR,ocds-9t57fa-11441,ocds-9t57fa-11441-2021-11-12T00:00:00Z
4509,ITSHWARELLETSE CONSTRUCTION AND PROJECTS,EME,active,0.0,ZAR,ocds-9t57fa-11606,ocds-9t57fa-11606-2021-11-12T00:00:00Z
4513,LUCRE PROJECTS,EME,active,0.0,ZAR,ocds-9t57fa-11606,ocds-9t57fa-11606-2021-11-12T00:00:00Z
7326,ENERHU BUSINESS ENTERPRISE,EME,active,0.0,ZAR,ocds-9t57fa-12083,ocds-9t57fa-12083-2021-11-26T00:00:00Z
10157,LAZAR,EME,active,0.0,ZAR,ocds-9t57fa-12166,ocds-9t57fa-12166-2021-11-19T00:00:00Z
10159,VACJET RENTALS,EME,active,0.0,ZAR,ocds-9t57fa-12166,ocds-9t57fa-12166-2021-11-19T00:00:00Z
10161,VACJET RENTALS,EME,active,0.0,ZAR,ocds-9t57fa-12166,ocds-9t57fa-12166-2021-11-19T00:00:00Z
10158,QUETZAL TRADING 116,EME,active,0.0,ZAR,ocds-9t57fa-12166,ocds-9t57fa-12166-2021-11-19T00:00:00Z
1541,KLZ ENGINEERING,EME,active,0.0,ZAR,ocds-9t57fa-12193,ocds-9t57fa-12193-2021-11-19T00:00:00Z
1539,JOLOBE TRADING,QSE,active,0.0,ZAR,ocds-9t57fa-12193,ocds-9t57fa-12193-2021-11-19T00:00:00Z
3407,LEBONE LITHO PRINTERS,EME,active,0.0,ZAR,ocds-9t57fa-12322,ocds-9t57fa-12322-2021-11-19T00:00:00Z
3408,NOVUS HOLDINGS,EME,active,0.0,ZAR,ocds-9t57fa-12322,ocds-9t57fa-12322-2021-11-19T00:00:00Z
3409,DSV SOLUTIONS,EME,active,0.0,ZAR,ocds-9t57fa-12322,ocds-9t57fa-12322-2021-11-19T00:00:00Z
4062,JJ DYERS CONSTRUCTION,EME,active,0.0,ZAR,ocds-9t57fa-12929,ocds-9t57fa-12929-2021-11-26T00:00:00Z
5433,Tafadzwa consulting,EME,active,0.0,ZAR,ocds-9t57fa-12986,ocds-9t57fa-12986-2021-11-26T00:00:00Z
5434,Search Partners International,QSE,active,0.0,ZAR,ocds-9t57fa-12986,ocds-9t57fa-12986-2021-11-26T00:00:00Z
5436,Nkwali M consulting,QSE,active,0.0,ZAR,ocds-9t57fa-12986,ocds-9t57fa-12986-2021-11-26T00:00:00Z
12937,EXELLIGENT TECHNOLOGIES,QSE,active,0,ZAR,ocds-9t57fa-13046,ocds-9t57fa-13046-2021-11-26T00:00:00Z
3797,Metrohm SA ,QSE,active,0.0,ZAR,ocds-9t57fa-13065,ocds-9t57fa-13065-2021-11-26T00:00:00Z
3810,ANATECH INSTRUMENTS,EME,active,0.0,ZAR,ocds-9t57fa-13065,ocds-9t57fa-13065-2021-11-26T00:00:00Z
3813,LECO AFRICA,EME,active,0.0,ZAR,ocds-9t57fa-13065,ocds-9t57fa-13065-2021-11-26T00:00:00Z
8440,DINTWA TRADING,EME,active,0.0,ZAR,ocds-9t57fa-13522,ocds-9t57fa-13522-2021-12-03T00:00:00Z
8489,TSHIDUMO PROJECTS,EME,active,0.0,ZAR,ocds-9t57fa-13522,ocds-9t57fa-13522-2021-12-03T00:00:00Z
8488,FULUFULU TRADING AND PROJECTS,EME,active,0.0,ZAR,ocds-9t57fa-13522,ocds-9t57fa-13522-2021-12-03T00:00:00Z
2596,Remak Squared Trading and Projects,EME,active,0.0,ZAR,ocds-9t57fa-13839,ocds-9t57fa-13839-2021-12-10T00:00:00Z
4385,JVZ CONSTRUCTION,GEN,active,0.0,ZAR,ocds-9t57fa-13981,ocds-9t57fa-13981-2021-12-10T00:00:00Z
4298,NU-LAW FIREARMS COMPLIANCE,EME,active,0.0,ZAR,ocds-9t57fa-13998,ocds-9t57fa-13998-2021-12-10T00:00:00Z
4690,Brisk solutions ,EME,active,0.0,ZAR,ocds-9t57fa-14035,ocds-9t57fa-14035-2021-12-10T00:00:00Z
3296,TEICHMANN STRUCTURES,QSE,active,0.0,ZAR,ocds-9t57fa-14055,ocds-9t57fa-14055-2021-12-10T00:00:00Z
8842,ALPRENE PLASTIC PRODUCTS,EME,active,0.0,ZAR,ocds-9t57fa-14362,ocds-9t57fa-14362-2021-12-17T00:00:00Z
8845,KFC PIPES AND FITTINGS,EME,active,0.0,ZAR,ocds-9t57fa-14362,ocds-9t57fa-14362-2021-12-17T00:00:00Z
68469,COMBINED SOURCE TRADING,GEN,active,28750000.0,ZAR,ocds-9t57fa-155632,ocds-9t57fa-155632-2021-07-09T00:00:00Z
5617,INSURVEY,EME,active,0.0,ZAR,ocds-9t57fa-1663,ocds-9t57fa-1663-2021-05-28T00:00:00Z
365,Moso Consulting Services (Pty) Ltd,QSE,active,0.0,ZAR,ocds-9t57fa-2283,ocds-9t57fa-2283-2021-06-11T00:00:00Z
120,Continuity SA (Pty) Ltd ,GEN,active,0.0,ZAR,ocds-9t57fa-2402,ocds-9t57fa-2402-2021-01-15T00:00:00Z
1394,OUTCOME BASED ASSOCIATION OF SOUTH AFRICA,EME,active,0.0,ZAR,ocds-9t57fa-2475,ocds-9t57fa-2475-2021-06-17T00:00:00Z
115,Sky Metro Equipment (PTY) LTD,EME,active,0.0,ZAR,ocds-9t57fa-266,ocds-9t57fa-266-2021-04-29T00:00:00Z
1756,CONQUER BUSINESS ENTERPRISE,EME,active,0.0,ZAR,ocds-9t57fa-2752,ocds-9t57fa-2752-2021-06-25T00:00:00Z
1716,WOWO CONSTRUCTION,EME,active,0.0,ZAR,ocds-9t57fa-2781,ocds-9t57fa-2781-2021-06-25T00:00:00Z
552,Edge to Edge 1275 cc,EME,active,0.0,ZAR,ocds-9t57fa-2850,ocds-9t57fa-2850-2021-06-25T00:00:00Z
1265,FUNDAMENTAL DESIGNS ,EME,active,0.0,ZAR,ocds-9t57fa-3018,ocds-9t57fa-3018-2021-06-25T00:00:00Z
261,STMT Trading t/a Zimele Finance ,EME,active,0.0,ZAR,ocds-9t57fa-3909,ocds-9t57fa-3909-2021-07-29T00:00:00Z
486,PRIME AFRICAN SECURITY,EME,active,0.0,ZAR,ocds-9t57fa-4378,ocds-9t57fa-4378-2021-08-06T00:00:00Z
1437,Zutari ,GEN,active,0.0,ZAR,ocds-9t57fa-4498,ocds-9t57fa-4498-2021-08-06T00:00:00Z
775,Liquid Telecommunications South Africa (Pty) Ltd,GEN,active,0.0,ZAR,ocds-9t57fa-4529,ocds-9t57fa-4529-2021-08-06T00:00:00Z
751,Vortex Strategic Alignment,EME,active,0.0,ZAR,ocds-9t57fa-5058,ocds-9t57fa-5058-2021-08-20T00:00:00Z
6327,KCS CONSULTANTS,EME,active,0.0,ZAR,ocds-9t57fa-5489,ocds-9t57fa-5489-2021-08-27T00:00:00Z
1005,Ornico Group,EME,active,0.0,ZAR,ocds-9t57fa-5701,ocds-9t57fa-5701-2021-08-27T00:00:00Z
3165,M M TELECOMS,QSE,active,0.0,ZAR,ocds-9t57fa-5739,ocds-9t57fa-5739-2021-08-27T00:00:00Z
4041,LEBAKA CONSTRUCTION,EME,active,0.0,ZAR,ocds-9t57fa-6120,ocds-9t57fa-6120-2021-09-03T00:00:00Z
15562,LEBAKA CONSTRUCTION,EME,active,88203943.42,ZAR,ocds-9t57fa-6120,ocds-9t57fa-6120-2021-09-03T00:00:00Z
333,Lebone La Africa Consultants,EME,active,0.0,ZAR,ocds-9t57fa-6208,ocds-9t57fa-6208-2021-09-03T00:00:00Z
1442,ARIANO 4,EME,active,0.0,ZAR,ocds-9t57fa-6228,ocds-9t57fa-6228-2021-09-03T00:00:00Z
1958,LERMAT CONSTRUCTION AND PROJECTS,EME,active,0.0,ZAR,ocds-9t57fa-6228,ocds-9t57fa-6228-2021-09-03T00:00:00Z
1960,MILLBOARD TRADING AND PROJECTS,EME,active,0.0,ZAR,ocds-9t57fa-6228,ocds-9t57fa-6228-2021-09-03T00:00:00Z
696,Siza Coal Service and Sibonisiwe Coal Laborotory Service CC,QSE,active,0.0,ZAR,ocds-9t57fa-6664,ocds-9t57fa-6664-2021-09-10T00:00:00Z
1369,Six Sense Consulting ,EME,active,0.0,ZAR,ocds-9t57fa-7212,ocds-9t57fa-7212-2021-09-17T00:00:00Z
1370,Cletech Holdings,EME,active,0.0,ZAR,ocds-9t57fa-7212,ocds-9t57fa-7212-2021-09-17T00:00:00Z
1084,Experts on the Go Pty Ltd,QSE,active,0.0,ZAR,ocds-9t57fa-7266,ocds-9t57fa-7266-2021-09-17T00:00:00Z
1997,690 SIGNATURE GROUP,EME,active,0.0,ZAR,ocds-9t57fa-7309,ocds-9t57fa-7309-2021-09-17T00:00:00Z
2000,ANDANI ENGINEERING GROUP,QSE,active,0.0,ZAR,ocds-9t57fa-7309,ocds-9t57fa-7309-2021-09-17T00:00:00Z
1998,ABAKHI DEVELOPMENTS,EME,active,0.0,ZAR,ocds-9t57fa-7309,ocds-9t57fa-7309-2021-09-17T00:00:00Z
2003,BAGALE CONSULTING,EME,active,0.0,ZAR,ocds-9t57fa-7309,ocds-9t57fa-7309-2021-09-17T00:00:00Z
1078,Copy X Business Solutions CC,EME,active,0.0,ZAR,ocds-9t57fa-7651,ocds-9t57fa-7651-2021-09-23T00:00:00Z
6687,BDO ADVISORY SERVICES,GEN,active,0.0,ZAR,ocds-9t57fa-8301,ocds-9t57fa-8301-2021-10-02T00:00:00Z
1726,KGAFELA CONSTRUCTION,EME,active,0.0,ZAR,ocds-9t57fa-8580,ocds-9t57fa-8580-2021-10-08T00:00:00Z
1733,IVELAPHI-INJABULO TRADING ENTERPRISE,EME,active,0.0,ZAR,ocds-9t57fa-8587,ocds-9t57fa-8587-2021-10-08T00:00:00Z
1738,TODAY'S HOPE TRADING AND PROJECTS 237,EME,active,0.0,ZAR,ocds-9t57fa-8590,ocds-9t57fa-8590-2021-10-08T00:00:00Z
1749,DZATA PROPERTY DEVELOPMENT,EME,active,0.0,ZAR,ocds-9t57fa-8607,ocds-9t57fa-8607-2021-10-08T00:00:00Z
5006,ADCOCK INGRAM CRITICAL CARE,EME,active,0.0,ZAR,ocds-9t57fa-9402,ocds-9t57fa-9402-2021-10-15T00:00:00Z
2473,JS LUCAS CONSTRUCTION,EME,active,0.0,ZAR,ocds-9t57fa-9863,ocds-9t57fa-9863-2021-10-22T00:00:00Z
1963,BAZUZU TRADING AND PROJECTS,EME,active,0.0,ZAR,ocds-9t57fa-9944,ocds-9t57fa-9944-2021-10-22T00:00:00Z
34597, (TSL TELECOMMUNICATIONS AND AUTOMATION),EME,active,0,ZAR,ocds-9t57fa-100863,ocds-9t57fa-100863-2021-03-30T00:00:00Z
2756,THE WATER ACADEMY,EME,active,0.0,ZAR,ocds-9t57fa-14317,ocds-9t57fa-14317-2021-12-15T00:00:00Z
1074,HM SECURITY AND ARMED RESPONSE,EME,active,0.0,ZAR,ocds-9t57fa-159,ocds-9t57fa-159-2021-04-23T00:00:00Z
3169,KUSILE FACILITIES MANAGEMENT,EME,active,0.0,ZAR,ocds-9t57fa-25041,ocds-9t57fa-25041-2021-04-01T00:00:00Z
4229,HIGHBURY SOLUTIONS (RF),QSE,active,0.0,ZAR,ocds-9t57fa-31513,ocds-9t57fa-31513-2021-04-01T00:00:00Z
544,QED South Africa,QSE,active,0.0,ZAR,ocds-9t57fa-3565,ocds-9t57fa-3565-2021-07-09T00:00:00Z
3984,XHIBITIT,EME,active,0.0,ZAR,ocds-9t57fa-3592,ocds-9t57fa-3592-2021-07-14T00:00:00Z
7276,OLSPS ANALYTICS,EME,active,0.0,ZAR,ocds-9t57fa-44987,ocds-9t57fa-44987-2021-03-16T00:00:00Z
384,Different service providers were appointed on various items,EME,active,0.0,ZAR,ocds-9t57fa-526,ocds-9t57fa-526-2021-05-05T00:00:00Z
34494, (SKG AFRICA),EME,active,0,ZAR,ocds-9t57fa-100583,ocds-9t57fa-100583-2021-08-20T00:00:00Z
1138,ONTEC SYSTEMS,EME,active,0.0,ZAR,ocds-9t57fa-10442,ocds-9t57fa-10442-2021-10-29T00:00:00Z
1940,ABB SOUTH AFRICA,EME,active,0.0,ZAR,ocds-9t57fa-10443,ocds-9t57fa-10443-2021-10-29T00:00:00Z
3658,IMPOQO TRADING,EME,active,0.0,ZAR,ocds-9t57fa-10795,ocds-9t57fa-10795-2021-11-05T00:00:00Z
38430, (CALANDRIA 159),GEN,active,1849500.0,ZAR,ocds-9t57fa-108406,ocds-9t57fa-108406-2021-10-01T00:00:00Z
32296, (HLOMBE INSTITUTE),EME,active,1.0,ZAR,ocds-9t57fa-11285,ocds-9t57fa-11285-2021-11-12T00:00:00Z
3278,MACROCOMM GROUP,QSE,active,0.0,ZAR,ocds-9t57fa-11422,ocds-9t57fa-11422-2021-11-12T00:00:00Z
3800,DMFT Property Developers,EME,active,0.0,ZAR,ocds-9t57fa-11636,ocds-9t57fa-11636-2021-11-12T00:00:00Z
46015, AFROPULSE 46,EME,active,10.0,ZAR,ocds-9t57fa-119559,ocds-9t57fa-119559-2021-07-02T00:00:00Z
9425,CIVIL ELEMENT,EME,active,0.0,ZAR,ocds-9t57fa-12182,ocds-9t57fa-12182-2021-11-19T00:00:00Z
1843,Leano Contr,QSE,active,0.0,ZAR,ocds-9t57fa-12273,ocds-9t57fa-12273-2021-11-19T00:00:00Z
3191,ZUTARI,EME,active,0.0,ZAR,ocds-9t57fa-12304,ocds-9t57fa-12304-2021-11-19T00:00:00Z
3043,ACTOM,GEN,active,0.0,ZAR,ocds-9t57fa-12911,ocds-9t57fa-12911-2021-11-26T00:00:00Z
35035, (GABHISA PLANNING INVESTMENTS),EME,active,5104100.0,ZAR,ocds-9t57fa-12985,ocds-9t57fa-12985-2021-11-26T00:00:00Z
1864,TOP N NOS,EME,active,0.0,ZAR,ocds-9t57fa-13028,ocds-9t57fa-13028-2021-11-26T00:00:00Z
957,Fleet Horizon Solutions (Pty) Ltd,GEN,active,0.0,ZAR,ocds-9t57fa-135,ocds-9t57fa-135-2021-04-23T00:00:00Z
951,Maximus Earthworks (Pty) Ltd / Phezulu Plant,GEN,active,0.0,ZAR,ocds-9t57fa-13558,ocds-9t57fa-13558-2021-12-03T00:00:00Z
16697,SOSEBENZA CONSTRUCTION,EME,active,0,ZAR,ocds-9t57fa-1984,ocds-9t57fa-1984-2021-06-04T00:00:00Z
524,HAMBI NATHI TRAVEL ,EME,active,0.0,ZAR,ocds-9t57fa-2246,ocds-9t57fa-2246-2021-06-10T00:00:00Z
223,Siphalo Consulting Pty Ltd,EME,active,0.0,ZAR,ocds-9t57fa-2495,ocds-9t57fa-2495-2021-06-18T00:00:00Z
1513,Madlibhi Trading,EME,active,0.0,ZAR,ocds-9t57fa-2744,ocds-9t57fa-2744-2021-06-25T00:00:00Z
1770,BA BIYA GEOMATICS AND CIVILS TRADING,EME,active,0.0,ZAR,ocds-9t57fa-2792,ocds-9t57fa-2792-2021-06-25T00:00:00Z
1847,BOITUMELOJWARONA PROJECTS,EME,active,0.0,ZAR,ocds-9t57fa-2822,ocds-9t57fa-2822-2021-06-25T00:00:00Z
4028,NESO SCOPE HOLDINGS,EME,active,0.0,ZAR,ocds-9t57fa-2833,ocds-9t57fa-2833-2021-06-25T00:00:00Z
2931,BBENERGY,EME,active,0.0,ZAR,ocds-9t57fa-2857,ocds-9t57fa-2857-2021-06-25T00:00:00Z
3894,ZABS ENTERPRISES,EME,active,0.0,ZAR,ocds-9t57fa-29039,ocds-9t57fa-29039-2021-09-23T00:00:00Z
3972,KWAROKWERG TRADING,EME,active,0.0,ZAR,ocds-9t57fa-29657,ocds-9t57fa-29657-2021-06-18T00:00:00Z
1197,SL DEBT RECOVERY SA,EME,active,0.0,ZAR,ocds-9t57fa-3234,ocds-9t57fa-3234-2021-07-02T00:00:00Z
3087,SIZWE AFRICA IT GROUP,EME,active,0.0,ZAR,ocds-9t57fa-351,ocds-9t57fa-351-2021-04-30T00:00:00Z
380,Instalek (pTY)ltd,QSE,active,0.0,ZAR,ocds-9t57fa-3622,ocds-9t57fa-3622-2021-07-16T00:00:00Z
1082,Eyethu Projects and Plant Hire,EME,active,0.0,ZAR,ocds-9t57fa-3922,ocds-9t57fa-3922-2021-07-30T00:00:00Z
183,DEON FERRIER & ASSOCIATES (PTY) LTD,QSE,active,0.0,ZAR,ocds-9t57fa-3969,ocds-9t57fa-3969-2021-07-29T00:00:00Z
405,Ukuza Consulting (Pty) Ltd ,QSE,active,0.0,ZAR,ocds-9t57fa-4081,ocds-9t57fa-4081-2021-07-30T00:00:00Z
522,CA COMPUTER SOLUTIIONS INTERNATIONAL CC t/a COMPUTER SOLUTIONS INTERNATIONAL CC,EME,active,0.0,ZAR,ocds-9t57fa-4306,ocds-9t57fa-4306-2021-08-06T00:00:00Z
1368,Maritime & Transport Business Solutions,EME,active,0.0,ZAR,ocds-9t57fa-4517,ocds-9t57fa-4517-2021-08-06T00:00:00Z
8347,MODULAODIRA TRADING AND PROJECTS 47,EME,active,0.0,ZAR,ocds-9t57fa-46779,ocds-9t57fa-46779-2021-10-08T00:00:00Z
7453,ROADMAC SURFACING CAPE,GEN,active,0.0,ZAR,ocds-9t57fa-4744,ocds-9t57fa-4744-2021-08-13T00:00:00Z
968,SIMONS ELECTRICAL,EME,active,0.0,ZAR,ocds-9t57fa-4817,ocds-9t57fa-4817-2021-08-13T00:00:00Z
372,Kingfisher Medical Supplies (Pty) Ltd,EME,active,0.0,ZAR,ocds-9t57fa-5054,ocds-9t57fa-5054-2021-08-20T00:00:00Z
10692,MARIA CARMEN HUMPHREYS,EME,active,0.0,ZAR,ocds-9t57fa-5233,ocds-9t57fa-5233-2021-08-20T00:00:00Z
31701, (GREEN DEVELOPMENT FOUNDATION),EME,active,1300400.0,ZAR,ocds-9t57fa-5319,ocds-9t57fa-5319-2021-08-20T00:00:00Z
2334,PLUS 94 RESEARCH,GEN,active,0.0,ZAR,ocds-9t57fa-5702,ocds-9t57fa-5702-2021-08-27T00:00:00Z
388,OBHEJANE TRADING (PTY) LTD,EME,active,0.0,ZAR,ocds-9t57fa-602,ocds-9t57fa-602-2021-05-06T00:00:00Z
1965,KLIPCORP,EME,active,0.0,ZAR,ocds-9t57fa-6118,ocds-9t57fa-6118-2021-09-03T00:00:00Z
3478,ENTSHA HENRA,EME,active,0.0,ZAR,ocds-9t57fa-6165,ocds-9t57fa-6165-2021-09-03T00:00:00Z
2881,BDO ADVISORY SERVICES,GEN,active,0.0,ZAR,ocds-9t57fa-622,ocds-9t57fa-622-2021-05-06T00:00:00Z
2120,SKI CIVIL AND STRUCTURAL ENGINEERS,EME,active,0.0,ZAR,ocds-9t57fa-6243,ocds-9t57fa-6243-2021-09-03T00:00:00Z
804,M-JNR OLWETHU CONSULTING PTY LTD,QSE,active,0.0,ZAR,ocds-9t57fa-6254,ocds-9t57fa-6254-2021-09-03T00:00:00Z
215,cheadle thompson Attorneys ,GEN,active,0.0,ZAR,ocds-9t57fa-638,ocds-9t57fa-638-2021-05-07T00:00:00Z
1353,DQS DEUTSCHE GESELLSCHAFT ZUR ZERTIFIZIERUNG VON MANAGEMENTSYSTEMEN,EME,active,0.0,ZAR,ocds-9t57fa-6645,ocds-9t57fa-6645-2021-09-10T00:00:00Z
4684,FIRST NEW GENERATION TRADING ,EME,active,0.0,ZAR,ocds-9t57fa-7086,ocds-9t57fa-7086-2021-09-17T00:00:00Z
3940,SEZIBA TECHNOLOGIES AND PROJECTS,EME,active,0.0,ZAR,ocds-9t57fa-7201,ocds-9t57fa-7201-2021-09-17T00:00:00Z
1695,MASANA INDUSTRIAL SERVICES,EME,active,0.0,ZAR,ocds-9t57fa-7216,ocds-9t57fa-7216-2021-09-17T00:00:00Z
2157,TAKE NOTE TRADING 661,EME,active,0.0,ZAR,ocds-9t57fa-7292,ocds-9t57fa-7292-2021-09-17T00:00:00Z
4352,Corrocoat S A ,GEN,active,0.0,ZAR,ocds-9t57fa-7696,ocds-9t57fa-7696-2021-09-23T00:00:00Z
989,CAPE AGULHAS CIVILS CC,EME,active,0.0,ZAR,ocds-9t57fa-7741,ocds-9t57fa-7741-2021-09-23T00:00:00Z
10296,TAU PELE CONSTRUCTION,GEN,active,0.0,ZAR,ocds-9t57fa-8130,ocds-9t57fa-8130-2021-10-01T00:00:00Z
18096,ROADMAC SURFACING,GEN,active,309008760.0,ZAR,ocds-9t57fa-8173,ocds-9t57fa-8173-2021-10-01T00:00:00Z
6659,KYM ENTERPRISES,EME,active,0.0,ZAR,ocds-9t57fa-8181,ocds-9t57fa-8181-2021-10-01T00:00:00Z
1448,Motheo Construction and Engineering Free State,QSE,active,0.0,ZAR,ocds-9t57fa-8189,ocds-9t57fa-8189-2021-10-01T00:00:00Z
3297,CAREWORKS ,QSE,active,0.0,ZAR,ocds-9t57fa-8224,ocds-9t57fa-8224-2021-10-01T00:00:00Z
2800,SIEMENS HEALTHCARE ,EME,active,0.0,ZAR,ocds-9t57fa-8243,ocds-9t57fa-8243-2021-10-08T00:00:00Z
978,BERNARDS ELECTRONICS AND COMMUNICATION (PTY) LTD,EME,active,0.0,ZAR,ocds-9t57fa-8260,ocds-9t57fa-8260-2021-10-01T00:00:00Z
1141,Storage Technology Services,EME,active,0.0,ZAR,ocds-9t57fa-8430,ocds-9t57fa-8430-2021-10-08T00:00:00Z
1737,HAPPRE GROUP,EME,active,0.0,ZAR,ocds-9t57fa-8586,ocds-9t57fa-8586-2021-10-08T00:00:00Z
1788,P A LETSOALO CONSTRUCTION ENTERPRISES,EME,active,0.0,ZAR,ocds-9t57fa-8594,ocds-9t57fa-8594-2021-10-08T00:00:00Z
1746,JTZ FAMILY TRADING ENTERPRISE,EME,active,0.0,ZAR,ocds-9t57fa-8603,ocds-9t57fa-8603-2021-10-08T00:00:00Z
690,ISIQINEKISO (PTY) LTD,EME,active,0.0,ZAR,ocds-9t57fa-8723,ocds-9t57fa-8723-2021-10-08T00:00:00Z
1987,SERVEST FACILITIES SERVICES,EME,active,0.0,ZAR,ocds-9t57fa-9355,ocds-9t57fa-9355-2021-10-22T00:00:00Z
10927,TAU PELE CONSTRUCTION,EME,active,0.0,ZAR,ocds-9t57fa-9394,ocds-9t57fa-9394-2021-10-15T00:00:00Z
3009,RANTOA SERVICE PROVIDERS,EME,active,0.0,ZAR,ocds-9t57fa-9416,ocds-9t57fa-9416-2021-10-15T00:00:00Z
4493,FIRST NEW GENERATION TRADING,QSE,active,0.0,ZAR,ocds-9t57fa-9697,ocds-9t57fa-9697-2021-10-22T00:00:00Z
4055,TUBOSEAL SERVICES,EME,active,0.0,ZAR,ocds-9t57fa-9849,ocds-9t57fa-9849-2021-10-22T00:00:00Z
3593,MALAPA HALEKANE ENTERPRISE,EME,active,0.0,ZAR,ocds-9t57fa-9947,ocds-9t57fa-9947-2021-10-22T00:00:00Z
3487,VE RETICULATION,EME,active,0.0,ZAR,ocds-9t57fa-10825,ocds-9t57fa-10825-2021-11-05T00:00:00Z
8834,F L O SPECIALIZED PRODUCT SOLUTIONS,EME,active,0.0,ZAR,ocds-9t57fa-12169,ocds-9t57fa-12169-2021-11-19T00:00:00Z
3289,K K ICE MASTER,EME,active,0.0,ZAR,ocds-9t57fa-12231,ocds-9t57fa-12231-2021-11-19T00:00:00Z
4653,LAWULA SYSTEMS,EME,active,0.0,ZAR,ocds-9t57fa-12345,ocds-9t57fa-12345-2021-11-19T00:00:00Z
2959,RAMASHU SUPPLY AND SERVICES,EME,active,0.0,ZAR,ocds-9t57fa-12347,ocds-9t57fa-12347-2021-11-19T00:00:00Z
12,No Fear Systems,EME,active,0.0,ZAR,ocds-9t57fa-1414,ocds-9t57fa-1414-2021-05-29T00:00:00Z
471,HS Business Solutions,EME,active,0.0,ZAR,ocds-9t57fa-1559,ocds-9t57fa-1559-2021-05-28T00:00:00Z
182,CAL CONSTRUCTION,EME,active,0.0,ZAR,ocds-9t57fa-1970,ocds-9t57fa-1970-2021-06-04T00:00:00Z
1514,Deliblox,EME,active,0.0,ZAR,ocds-9t57fa-2747,ocds-9t57fa-2747-2021-06-25T00:00:00Z
1760,BILA CIVIL CONTRACTORS,EME,active,0.0,ZAR,ocds-9t57fa-2755,ocds-9t57fa-2755-2021-06-25T00:00:00Z
1766,SIVUNASOKE CONSTRUCTION AND PROJECTS,EME,active,0.0,ZAR,ocds-9t57fa-2784,ocds-9t57fa-2784-2021-06-25T00:00:00Z
1771,MOKIBELO INVESTMENT HOLDINGS,EME,active,0.0,ZAR,ocds-9t57fa-2796,ocds-9t57fa-2796-2021-06-25T00:00:00Z
395,FIDELITY CASH SOLUTIONS,GEN,active,0.0,ZAR,ocds-9t57fa-2873,ocds-9t57fa-2873-2021-06-25T00:00:00Z
929,Redrow Chairs CC,QSE,active,0.0,ZAR,ocds-9t57fa-315,ocds-9t57fa-315-2021-04-30T00:00:00Z
1311,PriceWaterhouseCoopers,GEN,active,0.0,ZAR,ocds-9t57fa-3590,ocds-9t57fa-3590-2021-07-09T00:00:00Z
1660,OKS INVESTMENT 2009,EME,active,0.0,ZAR,ocds-9t57fa-3938,ocds-9t57fa-3938-2021-07-29T00:00:00Z
960,Campbell Scientific South Africa (Pty) Ltd,GEN,active,0.0,ZAR,ocds-9t57fa-4003,ocds-9t57fa-4003-2021-07-29T00:00:00Z
722,MOZI AUCTINEERS,EME,active,0.0,ZAR,ocds-9t57fa-4068,ocds-9t57fa-4068-2021-07-30T00:00:00Z
743,DELTA FACILITIES MANAGEMENT (PTY) LTD,GEN,active,0.0,ZAR,ocds-9t57fa-4334,ocds-9t57fa-4334-2021-08-06T00:00:00Z
3475,KUYENZEKA AMALGAMATED PROJECTS,EME,active,0.0,ZAR,ocds-9t57fa-4425,ocds-9t57fa-4425-2021-08-06T00:00:00Z
371,Geospace International,GEN,active,0.0,ZAR,ocds-9t57fa-4789,ocds-9t57fa-4789-2021-08-13T00:00:00Z
1051,CSK Cleaning Services,EME,active,0.0,ZAR,ocds-9t57fa-5274,ocds-9t57fa-5274-2021-08-20T00:00:00Z
969,KRUGER  & BLIGNAUT ATTORNEYS,EME,active,0.0,ZAR,ocds-9t57fa-5307,ocds-9t57fa-5307-2021-08-20T00:00:00Z
422,ALUSA PROJECTS PTY LTD ,EME,active,0.0,ZAR,ocds-9t57fa-5695,ocds-9t57fa-5695-2021-08-27T00:00:00Z
2188,RAIN CHARTERED ACCOUNTANTS,EME,active,0.0,ZAR,ocds-9t57fa-6203,ocds-9t57fa-6203-2021-09-03T00:00:00Z
1161,DONACEL,EME,active,0.0,ZAR,ocds-9t57fa-6636,ocds-9t57fa-6636-2021-09-10T00:00:00Z
1487,Club Corporate Travel ,EME,active,0.0,ZAR,ocds-9t57fa-6672,ocds-9t57fa-6672-2021-09-11T00:00:00Z
1356,Klipcorp,EME,active,0.0,ZAR,ocds-9t57fa-7258,ocds-9t57fa-7258-2021-09-17T00:00:00Z
1251,Girman Thandinkosi Trading,EME,active,0.0,ZAR,ocds-9t57fa-7751,ocds-9t57fa-7751-2021-09-23T00:00:00Z
656,Maziya General Services cc,GEN,active,0.0,ZAR,ocds-9t57fa-8055,ocds-9t57fa-8055-2021-10-01T00:00:00Z
2963,LEAFY SPACE,QSE,active,0.0,ZAR,ocds-9t57fa-8195,ocds-9t57fa-8195-2021-10-08T00:00:00Z
4821,RONWIC MOTORS,EME,active,0.0,ZAR,ocds-9t57fa-8219,ocds-9t57fa-8219-2021-10-01T00:00:00Z
1936,NAVIC,EME,active,0.0,ZAR,ocds-9t57fa-8259,ocds-9t57fa-8259-2021-10-02T00:00:00Z
1553,BUSI NTULI COMMUNICATIONS,QSE,active,0.0,ZAR,ocds-9t57fa-8295,ocds-9t57fa-8295-2021-10-01T00:00:00Z
1568,MUKUMBA CONSULTING AND PROJECTS,EME,active,0.0,ZAR,ocds-9t57fa-8690,ocds-9t57fa-8690-2021-10-08T00:00:00Z
3840,EMALINI ENTERPRISES 148,EME,active,0.0,ZAR,ocds-9t57fa-8753,ocds-9t57fa-8753-2021-10-08T00:00:00Z
1972,TRYCEE HOLDINGS,EME,active,0.0,ZAR,ocds-9t57fa-9321,ocds-9t57fa-9321-2021-10-15T00:00:00Z
1124,NTOZONKE AGENCIES ,EME,active,0.0,ZAR,ocds-9t57fa-9386,ocds-9t57fa-9386-2021-10-15T00:00:00Z
3290,Veritas Engineering and Project Management Consultants,QSE,active,0.0,ZAR,ocds-9t57fa-9413,ocds-9t57fa-9413-2021-10-15T00:00:00Z
2382,University of Johannesburg,EME,active,0.0,ZAR,ocds-9t57fa-9553,ocds-9t57fa-9553-2021-10-22T00:00:00Z
3635,DIMENSION DATA,EME,active,0.0,ZAR,ocds-9t57fa-9817,ocds-9t57fa-9817-2021-10-22T00:00:00Z
6202,IMPERIO ENTERPRISE,EME,active,0.0,ZAR,ocds-9t57fa-9954,ocds-9t57fa-9954-2021-10-23T00:00:00Z
4184,L AND B PROCURING  AND SERVICES,EME,active,0.0,ZAR,ocds-9t57fa-9960,ocds-9t57fa-9960-2021-10-23T00:00:00Z
62150,KHUMZI INVESTMENTS,EME,active,2896922485.0,ZAR,ocds-9t57fa-141210,ocds-9t57fa-141210-2021-02-19T00:00:00Z
1117,IDI TECHNOLOGY SOLUTIONS,EME,active,0.0,ZAR,ocds-9t57fa-1567,ocds-9t57fa-1567-2021-05-27T00:00:00Z
415,Cliffe Dekker Hofmeyr Inc,GEN,active,0.0,ZAR,ocds-9t57fa-3699,ocds-9t57fa-3699-2021-07-22T00:00:00Z
1136,FUTI CONSTRUCTION,EME,active,0.0,ZAR,ocds-9t57fa-3964,ocds-9t57fa-3964-2021-07-29T00:00:00Z
29597, (NKU NGCOBO TRADING),EME,active,10470440.0,ZAR,ocds-9t57fa-10320,ocds-9t57fa-10320-2021-10-29T00:00:00Z
1169,Bamogale Enterprise,GEN,active,0.0,ZAR,ocds-9t57fa-10384,ocds-9t57fa-10384-2021-10-29T00:00:00Z
1171,Bamogale Enterprise,EME,active,0.0,ZAR,ocds-9t57fa-10384,ocds-9t57fa-10384-2021-10-29T00:00:00Z
1172,Bamogale Enterprise,EME,active,0.0,ZAR,ocds-9t57fa-10384,ocds-9t57fa-10384-2021-10-29T00:00:00Z
2207,M-JNR AND OLWETHU CONSULTING,EME,active,0.0,ZAR,ocds-9t57fa-10429,ocds-9t57fa-10429-2021-10-29T00:00:00Z
982,NATIONAL SEA RESCUE INSTITUTE,EME,active,0.0,ZAR,ocds-9t57fa-10440,ocds-9t57fa-10440-2021-10-29T00:00:00Z
3143,Enterprises University of Pretoria ,EME,active,0.0,ZAR,ocds-9t57fa-10799,ocds-9t57fa-10799-2021-11-05T00:00:00Z
3138,Blueprint Holdings ,EME,active,0.0,ZAR,ocds-9t57fa-10799,ocds-9t57fa-10799-2021-11-05T00:00:00Z
1867,setshabelo trading,QSE,active,0.0,ZAR,ocds-9t57fa-10845,ocds-9t57fa-10845-2021-11-05T00:00:00Z
1831,Geo-Vul Constructions and General Trading,EME,active,0.0,ZAR,ocds-9t57fa-10931,ocds-9t57fa-10931-2021-11-05T00:00:00Z
1499,JT Maritz Electrical,QSE,active,0.0,ZAR,ocds-9t57fa-11582,ocds-9t57fa-11582-2021-11-12T00:00:00Z
4744,MEGA ROADS AND CIVILS,QSE,active,0.0,ZAR,ocds-9t57fa-11627,ocds-9t57fa-11627-2021-11-12T00:00:00Z
2734,ICAS EMPLOYEE AND ORGANISATION ENHANCEMENT SERVICES SOUTHERN AFRICA,GEN,active,0.0,ZAR,ocds-9t57fa-11871,ocds-9t57fa-11871-2021-11-19T00:00:00Z
3509,SA Fire Watch,EME,active,0.0,ZAR,ocds-9t57fa-12178,ocds-9t57fa-12178-2021-11-19T00:00:00Z
11513,Avatar Agency,QSE,active,0,ZAR,ocds-9t57fa-12190,ocds-9t57fa-12190-2021-11-19T00:00:00Z
2993,OMA Chartered Accountants,QSE,active,0.0,ZAR,ocds-9t57fa-12330,ocds-9t57fa-12330-2021-11-19T00:00:00Z
25099,KFC Pipes and Fittings,EME,active,160169240.0,ZAR,ocds-9t57fa-12760,ocds-9t57fa-12760-2021-11-26T00:00:00Z
14301,ACCENTURE (SOUTH AFRICA),GEN,active,0,ZAR,ocds-9t57fa-13000,ocds-9t57fa-13000-2021-11-26T00:00:00Z
3690,Lime Distributors,QSE,active,0.0,ZAR,ocds-9t57fa-13049,ocds-9t57fa-13049-2021-11-26T00:00:00Z
1246,Trainers Without Borders,EME,active,0.0,ZAR,ocds-9t57fa-13524,ocds-9t57fa-13524-2021-12-03T00:00:00Z
121,Parkerson Thomas Technologies CC T/A Office Tech,QSE,active,0.0,ZAR,ocds-9t57fa-136,ocds-9t57fa-136-2021-04-23T00:00:00Z
2559,CARL ZEISS,QSE,active,0.0,ZAR,ocds-9t57fa-14002,ocds-9t57fa-14002-2021-12-10T00:00:00Z
67843,TVP TOTAL VEHICLE PROTECTION,EME,active,27000000.0,ZAR,ocds-9t57fa-154433,ocds-9t57fa-154433-2021-02-09T00:00:00Z
2264,XCELL ENVIRONMENTAL SERVICES,EME,active,0.0,ZAR,ocds-9t57fa-1589,ocds-9t57fa-1589-2021-05-27T00:00:00Z
2108,MilestoneCon ,EME,active,0.0,ZAR,ocds-9t57fa-1832,ocds-9t57fa-1832-2021-06-04T00:00:00Z
2109,MilestoneCon ,EME,active,0.0,ZAR,ocds-9t57fa-1832,ocds-9t57fa-1832-2021-06-04T00:00:00Z
2111,MilestoneCon ,EME,active,0.0,ZAR,ocds-9t57fa-1832,ocds-9t57fa-1832-2021-06-04T00:00:00Z
702,Bophelo Communications (Pty)Ltd,EME,active,0.0,ZAR,ocds-9t57fa-2486,ocds-9t57fa-2486-2021-06-17T00:00:00Z
1510,Kontinental Engineering,EME,active,0.0,ZAR,ocds-9t57fa-2741,ocds-9t57fa-2741-2021-06-25T00:00:00Z
1709,Amamboma Construction and Engineering,EME,active,0.0,ZAR,ocds-9t57fa-2760,ocds-9t57fa-2760-2021-06-25T00:00:00Z
3406,Naidu Consulting ,GEN,active,0.0,ZAR,ocds-9t57fa-2885,ocds-9t57fa-2885-2021-06-25T00:00:00Z
418,Iron Mountain South Africa (Pty) Ltd ,GEN,active,0.0,ZAR,ocds-9t57fa-3701,ocds-9t57fa-3701-2021-07-22T00:00:00Z
1142,Fasimba Facilities Management ,EME,active,0.0,ZAR,ocds-9t57fa-4486,ocds-9t57fa-4486-2021-08-06T00:00:00Z
787,Domera Travel t/a Ultimate Travel,EME,active,0.0,ZAR,ocds-9t57fa-4816,ocds-9t57fa-4816-2021-08-13T00:00:00Z
683,GX Connect (Pty) Ltd t/a Gaproc Media,EME,active,0.0,ZAR,ocds-9t57fa-4845,ocds-9t57fa-4845-2021-08-13T00:00:00Z
1269,BOTONG CIVILS ,EME,active,0.0,ZAR,ocds-9t57fa-5276,ocds-9t57fa-5276-2021-08-27T00:00:00Z
1630,Black Dot Property Consultants,QSE,active,0.0,ZAR,ocds-9t57fa-5304,ocds-9t57fa-5304-2021-08-20T00:00:00Z
1643,S C B Property Valuers and Consultants,EME,active,0.0,ZAR,ocds-9t57fa-5304,ocds-9t57fa-5304-2021-08-20T00:00:00Z
669,Powerful Cleaning and Projects (Pty),EME,active,0.0,ZAR,ocds-9t57fa-5474,ocds-9t57fa-5474-2021-08-27T00:00:00Z
3350,Actom,GEN,active,0.0,ZAR,ocds-9t57fa-5662,ocds-9t57fa-5662-2021-08-27T00:00:00Z
2748,MELTWATER SOUTH AFRICA,QSE,active,0.0,ZAR,ocds-9t57fa-5738,ocds-9t57fa-5738-2021-08-27T00:00:00Z
2079,MARSH,GEN,active,0.0,ZAR,ocds-9t57fa-5762,ocds-9t57fa-5762-2021-08-27T00:00:00Z
2080,MARSH,GEN,active,0.0,ZAR,ocds-9t57fa-5762,ocds-9t57fa-5762-2021-08-27T00:00:00Z
1841,AFROCENTRIC INTELLECTUAL PROPERTY,EME,active,0.0,ZAR,ocds-9t57fa-5904,ocds-9t57fa-5904-2021-09-03T00:00:00Z
1844,AFROCENTRIC INTELLECTUAL PROPERTY,EME,active,0.0,ZAR,ocds-9t57fa-5904,ocds-9t57fa-5904-2021-09-03T00:00:00Z
664,Molalatladi Electrical,EME,active,0.0,ZAR,ocds-9t57fa-6187,ocds-9t57fa-6187-2021-09-03T00:00:00Z
1440,Malapa Ha Lekane ,EME,active,0.0,ZAR,ocds-9t57fa-6235,ocds-9t57fa-6235-2021-09-03T00:00:00Z
729,Atlantis Corporate Travel ,EME,active,0.0,ZAR,ocds-9t57fa-7323,ocds-9t57fa-7323-2021-09-17T00:00:00Z
1687,Geospace International,EME,active,0.0,ZAR,ocds-9t57fa-7759,ocds-9t57fa-7759-2021-09-23T00:00:00Z
1872,Tshipembe Mzansi Projects,EME,active,0.0,ZAR,ocds-9t57fa-8269,ocds-9t57fa-8269-2021-10-01T00:00:00Z
1734,RIENDZO RINENE,EME,active,0.0,ZAR,ocds-9t57fa-8578,ocds-9t57fa-8578-2021-10-08T00:00:00Z
1729,MANGATLU TRADING ENTERPRISE,EME,active,0.0,ZAR,ocds-9t57fa-8584,ocds-9t57fa-8584-2021-10-08T00:00:00Z
1747,NKHUPUKO GENERAL TRADING,EME,active,0.0,ZAR,ocds-9t57fa-8604,ocds-9t57fa-8604-2021-10-08T00:00:00Z
899,Art Printer CC,EME,active,0.0,ZAR,ocds-9t57fa-8646,ocds-9t57fa-8646-2021-10-08T00:00:00Z
1468,Fullserve Services,GEN,active,0.0,ZAR,ocds-9t57fa-8725,ocds-9t57fa-8725-2021-10-08T00:00:00Z
5247,Roadspan Edwin Joint Venture,GEN,active,0.0,ZAR,ocds-9t57fa-8780,ocds-9t57fa-8780-2021-10-08T00:00:00Z
1671,Careworks ,EME,active,0.0,ZAR,ocds-9t57fa-8828,ocds-9t57fa-8828-2021-10-08T00:00:00Z
3061,KRM Global Works,QSE,active,0.0,ZAR,ocds-9t57fa-9298,ocds-9t57fa-9298-2021-10-15T00:00:00Z
3712,WEST COAST NCS BUILDERS,EME,active,0.0,ZAR,ocds-9t57fa-9875,ocds-9t57fa-9875-2021-10-22T00:00:00Z
